,grain screened,paper type,ink type,type on cylinder,press type,press,unit number,paper mill location,proof cut,viscosity,caliper,ink temperature,humifity,roughness,blade pressure,varnish pct,press speed,ink pct,solvent pct,wax,hardener,roller durometer,current density,anode space ratio,band type,speedBand,cutBand
0,0,1,1,yes,1,4,2.0,2,55.0,46.0,0.2,17.0,78.0,0.75,20.0,13.1,1700.0,50.5,36.4,2.5,1.0,34.0,40.0,105.0,1,1,1
1,0,1,1,yes,1,4,2.0,2,55.0,46.0,0.3,15.0,80.0,0.75,20.0,6.6,1900.0,54.9,38.5,2.5,0.7,34.0,40.0,105.0,0,2,1
2,0,1,0,yes,3,2,9.0,2,62.0,40.0,0.433,16.0,80.0,0.7243334970530452,30.0,6.5,1850.0,53.8,39.8,2.8,0.9,40.0,40.0,103.87,0,2,2
3,0,1,1,yes,3,3,9.0,2,52.0,40.0,0.3,16.0,75.0,0.3125,30.0,5.6,1467.0,55.6,38.8,2.5,1.3,40.0,40.0,108.06,0,0,1
4,1,1,0,yes,3,3,2.0,2,50.0,46.0,0.3,17.0,80.0,0.75,30.0,10.3239852398524,2100.0,57.5,42.5,2.3,0.6,35.0,40.0,106.67,0,3,1
5,0,1,1,yes,3,3,2.0,2,50.0,40.0,0.267,16.8,76.0,0.4375,28.0,8.6,1467.0,53.8,37.6,2.5,0.8,40.0,40.0,103.87,0,0,1
6,1,0,0,yes,1,6,2.0,1,50.0,46.0,0.3,16.5,75.0,0.75,30.0,10.3239852398524,2600.0,62.5,37.5,2.5,0.6,30.0,40.0,106.67,0,3,1
7,1,0,0,yes,1,6,9.0,1,50.0,46.0,0.2,16.5,75.0,0.75,28.0,10.3239852398524,2600.0,62.5,37.5,2.5,1.1,30.0,40.0,106.67,0,3,1
8,0,1,1,yes,2,0,7.0,2,50.0,45.0,0.367,12.0,70.0,0.75,60.0,10.3239852398524,1650.0,60.2,39.8,3.0,1.0,40.0,40.0,103.22,1,1,1
9,0,1,1,yes,3,2,2.0,2,65.0,43.0,0.333,16.0,75.0,1.0,32.0,22.7,1750.0,45.5,31.8,3.0,1.0,38.0,40.0,106.66,0,1,2
10,0,1,1,yes,3,2,9.0,2,65.0,43.0,0.2,16.0,68.0,0.75,30.0,15.5,1750.0,48.5,35.9,3.0,1.0,38.0,40.0,106.6,0,1,2
11,0,1,1,yes,1,4,2.0,2,50.0,50.0,0.367,14.0,80.0,0.75,40.0,10.5,1700.0,52.6,36.8,2.5,1.0,38.0,40.0,105.0,1,1,1
12,0,1,1,yes,1,4,7.0,2,50.0,50.0,0.3,15.0,70.0,1.0,30.0,10.0,1600.0,50.0,40.0,2.8,1.0,38.0,40.0,106.66,1,0,1
13,0,1,1,yes,1,4,7.0,2,40.0,45.0,0.3,14.5,70.0,0.625,25.0,10.3239852398524,1500.0,59.5,40.5,2.0,1.0,40.0,40.0,100.0,1,0,0
14,0,1,1,yes,1,4,2.0,2,50.0,43.0,0.267,16.0,75.0,1.0,20.0,15.8,1600.0,49.5,34.7,2.5,1.0,38.0,40.0,103.22,0,0,1
15,1,0,0,no,0,1,9.0,2,45.0360824742268,45.0,0.233,15.0,87.0,1.0,30.907563025210084,10.3239852398524,1400.0,62.5,37.5,2.5,1.0,40.0,40.0,103.22,1,0,1
16,1,0,0,no,0,1,5.0,1,30.0,45.0,0.2,14.0,65.0,0.7243334970530452,30.907563025210084,10.3239852398524,1600.0,62.5,37.5,2.5,0.8,33.0,40.0,100.0,0,0,0
17,1,0,0,no,0,1,1.0,1,30.0,45.0,0.2,15.5,65.0,0.7243334970530452,30.907563025210084,5.9,1600.0,58.8,35.3,2.5,1.8,33.0,40.0,100.0,0,0,0
18,0,1,1,yes,0,1,5.0,1,60.0,38.0,0.267,16.4,64.0,0.75,30.907563025210084,11.0,1400.0,54.9,34.1,2.5,1.0,32.0,40.0,103.22,0,0,2
19,0,1,1,yes,0,1,1.0,1,60.0,38.0,0.333,16.5,66.0,0.75,30.907563025210084,6.7,1400.0,56.2,37.1,1.1,1.4,32.0,40.0,103.22,0,0,2
20,1,0,0,no,1,5,2.0,1,50.0,45.0,0.233,16.0,70.0,0.8125,30.0,10.3239852398524,2400.0,58.8,41.2,1.7,1.0,30.0,40.0,107.4,0,3,1
21,1,0,0,yes,1,5,9.0,1,40.0,45.0,0.2,15.0,76.0,0.8125,30.0,10.3239852398524,2400.0,62.5,37.5,1.0,1.0,30.0,40.0,107.4,0,3,0
22,1,0,0,yes,1,5,2.0,1,30.0,43.0,0.2,16.3,70.0,0.8125,25.0,1.2,2200.0,58.1,40.7,2.0,1.0,30.0,40.0,96.875,0,3,0
23,1,0,0,yes,1,6,2.0,1,40.0,41.0,0.2,15.8,72.0,1.0,30.0,10.3239852398524,2000.0,62.5,37.5,2.5,1.0,30.0,40.0,107.4,1,2,0
24,1,0,0,yes,1,6,9.0,0,40.0,42.0,0.2,14.5,74.0,1.0,25.0,8.0,2100.0,57.5,34.5,2.3,0.7,35.0,40.0,107.4,1,3,0
25,1,0,0,yes,1,6,9.0,0,45.0,42.0,0.2,14.0,70.0,1.0,20.0,8.0,1850.0,57.5,34.5,2.0,0.7,35.0,40.0,107.4,1,2,0
26,1,1,0,yes,1,6,9.0,0,50.0,45.0,0.3,15.0,76.0,1.0,30.0,8.0,2150.0,57.5,34.5,2.5,1.0,35.0,40.0,107.4,0,3,1
27,1,1,0,yes,1,6,2.0,0,50.0,45.0,0.3,15.2,72.0,1.0,25.0,5.9,2150.0,58.8,35.3,2.5,1.0,35.0,40.0,107.4,0,3,1
28,1,0,0,no,1,7,2.0,1,35.0,42.0,0.27585742187499995,15.0,75.0,0.75,30.0,10.3239852398524,2100.0,58.8,41.2,2.0,0.8,30.0,40.0,107.4,1,3,0
29,1,0,0,no,1,7,2.0,1,30.0,45.0,0.233,17.0,70.0,0.75,35.0,10.3239852398524,2200.0,58.8,41.2,2.5,1.0,33.0,40.0,106.45,1,3,0
30,1,1,0,yes,3,2,2.0,2,37.5,44.0,0.2,16.0,90.0,0.75,28.0,20.0,2050.0,45.0,35.0,2.4,0.8,35.0,40.0,107.4,0,3,0
31,1,1,0,yes,3,2,9.0,2,37.5,44.0,0.2,16.5,91.0,0.75,30.0,21.7,2050.0,43.5,34.8,2.7,0.8,35.0,40.0,107.4,0,3,0
32,0,1,1,yes,1,4,2.0,2,45.0,44.0,0.267,14.1,78.0,0.625,22.0,7.6,1510.0,54.3,38.0,2.5,0.7,34.0,40.0,114.28,0,0,0
33,0,1,1,yes,1,4,7.0,2,40.0,44.0,0.2,14.0,69.0,0.625,20.0,8.5,1510.0,53.2,38.3,2.5,0.9,34.0,40.0,110.0,0,0,0
34,1,0,0,no,1,7,2.0,2,40.0,47.0,0.333,17.0,78.0,0.75,35.0,10.3239852398524,2400.0,58.8,41.2,2.5,1.0,30.0,40.0,100.0,1,3,0
35,1,0,0,yes,0,1,1.0,2,30.0,42.0,0.2,15.4,64.0,0.875,30.907563025210084,10.3239852398524,1425.0,63.0,37.0,1.0,1.3,34.0,40.0,107.4,0,0,0
36,1,0,0,yes,3,2,2.0,1,45.0,38.0,0.27585742187499995,15.0,80.0,0.625,30.0,7.0,1600.0,58.1,34.9,2.5,1.5,30.0,40.0,103.22,1,0,0
37,0,1,1,yes,3,3,2.0,2,40.0,43.0,0.267,16.0,96.0,1.0,28.0,10.3239852398524,1500.0,58.8,41.2,3.0,0.8,40.0,40.0,103.12,0,0,0
38,0,1,1,yes,3,3,9.0,2,32.5,43.0,0.2,15.0,82.0,1.0,31.0,7.6,1500.0,54.3,38.0,2.5,1.0,40.0,40.0,103.12,0,0,0
39,1,1,0,yes,3,2,9.0,2,37.5,44.0,0.3,15.0,85.0,0.75,34.0,10.3239852398524,1400.0,62.5,37.5,2.8,1.0,28.0,40.0,103.12,0,0,0
40,1,1,0,yes,3,2,2.0,2,35.0,44.0,0.3,16.0,80.0,1.0,32.0,7.0,1400.0,58.1,34.9,3.0,1.0,28.0,40.0,103.12,0,0,0
41,1,0,0,yes,0,1,1.0,2,30.0,42.0,0.2,15.4,64.0,0.875,30.907563025210084,10.3239852398524,1425.0,61.7,38.3,1.0,1.3,34.0,40.0,107.4,0,0,0
42,1,0,0,yes,1,5,9.0,1,50.0,43.0,0.2,16.0,82.0,0.875,30.0,10.3239852398524,2270.0,55.6,44.4,2.0,1.0,30.0,40.0,103.22,0,3,1
43,1,0,0,yes,1,5,2.0,1,50.0,43.0,0.3,16.3,80.0,0.8125,30.0,10.3239852398524,2270.0,55.6,44.4,1.5,1.5,30.0,40.0,103.22,0,3,1
44,1,1,0,yes,1,6,2.0,2,60.0,43.0,0.267,15.8,57.0,0.75,24.0,1.2,1480.0,58.1,40.7,1.4,1.7,33.0,40.0,103.12,0,0,2
45,1,1,0,yes,1,6,9.0,2,52.5,43.0,0.233,16.6,58.0,0.75,20.0,7.9,1480.0,56.2,36.0,1.7,0.7,33.0,40.0,103.12,0,0,1
46,1,0,0,yes,1,5,2.0,2,50.0,43.0,0.3,17.0,87.0,0.8125,35.0,10.3239852398524,2300.0,58.8,41.2,1.3,0.7,30.0,40.0,103.22,0,3,1
47,1,0,0,yes,1,4,2.0,1,25.0,38.0,0.2,13.0,75.0,0.625,25.0,10.3239852398524,1600.0,57.5,42.5,2.5,0.85,30.0,40.0,103.12,0,0,0
48,1,0,0,yes,1,4,7.0,1,25.0,38.0,0.233,14.0,70.0,0.625,25.0,10.3239852398524,1600.0,58.8,41.2,1.7,0.9,30.0,40.0,103.12,0,0,0
49,1,1,1,yes,3,3,9.0,0,40.0,46.0,0.333,15.9,78.0,0.5,34.0,2.4,2000.0,61.0,36.6,2.4,1.3,35.0,40.0,103.22,0,2,0
50,0,1,1,yes,1,6,2.0,2,45.0,41.0,0.333,17.0,78.0,0.75,16.0,14.1,1100.0,50.5,35.4,2.5,1.0,50.0,40.0,96.97,1,0,0
51,0,1,1,yes,1,6,2.0,2,47.5,41.0,0.233,16.5,72.0,0.75,20.0,14.1,1300.0,50.5,35.4,2.5,1.0,50.0,40.0,96.97,1,0,1
52,1,0,0,no,1,5,2.0,1,40.0,46.0,0.2,15.0,68.0,0.75,28.0,10.3239852398524,1700.0,58.8,41.2,1.0,1.0,33.0,40.0,103.22,0,1,0
53,1,0,0,no,1,5,9.0,1,40.0,46.0,0.267,16.5,68.0,0.875,25.0,10.3239852398524,1700.0,58.8,41.2,1.0,1.0,33.0,40.0,103.125,0,1,0
54,1,0,0,yes,3,2,9.0,1,40.0,35.0,0.233,18.0,85.0,0.625,30.0,10.3239852398524,2000.0,62.5,37.5,2.5,0.9,30.0,40.0,103.125,0,2,0
55,1,0,0,yes,1,5,9.0,1,50.0,43.0,0.2,17.0,84.0,0.7243334970530452,35.0,10.3239852398524,2300.0,55.6,44.4,2.0,0.8,30.0,40.0,103.22,0,3,1
56,1,1,0,yes,2,0,7.0,2,35.0,38.0,0.4,12.0,62.0,0.75,46.0,4.7,1400.0,58.8,36.5,2.0,1.0,28.0,40.0,103.125,0,0,0
57,1,1,0,yes,2,0,2.0,2,35.0,38.0,0.433,16.0,70.0,0.75,50.0,10.3239852398524,1400.0,62.5,37.5,2.8,1.5,28.0,40.0,103.125,0,0,0
58,0,1,1,yes,1,4,7.0,2,50.0,46.0,0.2,14.6,60.0,0.625,25.0,10.5,1750.0,52.6,36.8,2.4,0.8,28.0,40.0,96.97,1,1,1
59,0,1,1,yes,1,6,2.0,4,40.0,47.0,0.333,24.5,78.0,0.875,30.0,8.8,2100.0,54.9,36.3,2.3,1.0,40.0,40.0,100.0,1,3,0
60,0,1,1,no,1,6,9.0,4,40.0,47.0,0.35,14.43,76.0,0.75,16.0,7.2,2000.0,51.5,41.2,2.7,1.4,40.0,40.0,100.0,1,2,0
61,0,1,1,yes,1,6,2.0,4,40.0,39.0,0.233,15.0,77.0,0.75,20.0,9.4,2000.0,52.1,38.5,2.5,1.0,40.0,40.0,103.22,0,2,0
62,0,1,1,yes,1,6,9.0,4,40.0,39.0,0.2,15.0,79.0,0.75,20.0,11.8,2000.0,49.0,39.2,2.5,1.0,40.0,40.0,103.22,0,2,0
63,1,1,1,yes,1,6,2.0,4,45.0360824742268,43.0,0.267,14.2,68.0,0.75,18.0,10.3239852398524,2000.0,62.5,37.5,2.5,1.2,40.0,40.0,106.45,1,2,1
64,1,1,1,yes,1,6,2.0,4,45.0360824742268,48.0,0.233,14.0,80.0,0.75,30.0,10.3239852398524,2000.0,62.5,37.5,2.4375238095238094,1.0026717557251907,40.0,40.0,109.67,1,2,1
65,1,1,1,no,1,6,2.0,4,45.0360824742268,40.0,0.267,16.4,72.0,1.0,26.0,10.3239852398524,2000.0,62.5,37.5,2.5,1.0,40.0,40.0,106.45,1,2,1
66,0,1,1,yes,1,5,9.0,4,40.0,40.0,0.35,18.5,85.0,0.5625,30.0,10.3239852398524,1900.0,62.5,37.5,1.8,1.4,40.0,40.0,106.45,1,2,0
67,1,1,0,yes,1,4,7.0,2,42.5,41.0,0.3,14.0,70.0,0.625,20.0,2.3,1750.0,57.5,40.0,2.5,0.7,35.0,40.0,96.97,0,1,0
68,1,0,0,yes,1,7,9.0,1,35.0,39.0,0.2,16.2,84.0,1.0,30.0,10.3239852398524,2100.0,62.5,37.5,2.0,0.9,30.0,40.0,94.117,0,3,0
69,1,0,1,yes,0,1,9.0,2,35.0,45.0,0.3,14.1,65.0,1.0,30.907563025210084,10.3239852398524,1500.0,59.5,40.5,2.6,1.0,40.0,40.0,109.67,0,0,0
70,1,1,1,yes,2,0,2.0,2,50.0,43.0,0.333,14.02,68.0,0.75,56.0,7.4,1800.0,53.2,39.4,3.0,1.3,40.0,40.0,109.67,0,1,1
71,1,1,1,yes,3,3,2.0,2,67.5,45.0,0.2,15.5,80.0,0.5,34.0,16.3,1683.0,43.5,40.2,2.5,1.0,40.0,40.0,109.67,0,1,2
72,1,0,0,yes,1,4,2.0,1,55.0,37.0,0.267,16.0,75.0,0.625,20.0,5.6,1850.0,55.6,38.9,0.8,0.75,33.0,40.0,109.67,0,2,1
73,1,1,0,yes,1,4,2.0,2,42.5,41.0,0.2,14.0,80.0,0.625,20.0,7.4,1750.0,53.2,39.4,2.1,0.9,35.0,40.0,96.97,0,1,0
74,0,1,1,yes,0,1,1.0,2,52.5,45.0,0.2,15.3,72.0,0.75,30.907563025210084,12.4,1600.0,51.5,36.1,2.5,1.0,40.0,40.0,109.67,0,0,1
75,1,0,1,yes,0,1,10.0,2,35.0,45.0,0.2,15.2,63.0,1.0,30.907563025210084,10.3239852398524,1500.0,59.5,40.5,2.3,0.9,40.0,40.0,109.67,0,0,0
76,0,1,1,yes,0,1,5.0,2,52.5,45.0,0.233,16.0,68.0,0.75,30.907563025210084,10.3239852398524,1600.0,58.8,41.2,2.3,0.8,40.0,40.0,109.67,0,0,1
77,1,1,0,yes,3,3,9.0,2,49.0,43.0,0.35,14.5,74.0,0.75,23.0,9.1,1900.0,56.8,34.1,0.7,0.2,35.0,40.0,103.22,1,2,1
78,0,1,1,yes,0,1,5.0,2,52.5,37.0,0.233,14.0,73.0,0.75,30.907563025210084,9.6,1600.0,53.2,37.2,2.3,1.0,40.0,40.0,109.67,0,0,1
79,0,1,1,yes,0,1,9.0,2,52.5,43.0,0.267,15.1,76.0,0.5,31.0,6.6,1650.0,54.9,38.5,2.5,1.5,40.0,40.0,109.67,0,1,1
80,1,1,0,yes,1,7,9.0,0,40.0,44.0,0.2,16.1,78.0,0.9375,30.0,5.6,1800.0,55.6,38.9,2.0,1.0,35.0,40.0,103.22,0,1,0
81,0,1,1,yes,0,1,1.0,2,52.5,37.0,0.2,15.0,66.0,0.75,30.907563025210084,13.3,1600.0,55.6,42.2,2.4,0.8,40.0,40.0,100.0,0,0,1
82,1,1,0,yes,1,6,2.0,2,40.0,43.0,0.35,16.5,72.0,0.625,20.0,9.1,2000.0,56.8,34.1,2.5,0.5,35.0,40.0,103.22,0,2,0
83,1,1,0,yes,1,6,9.0,2,40.0,43.0,0.35,16.1,70.0,0.625,20.0,11.1,2000.0,55.6,33.3,1.8,0.9,35.0,40.0,103.22,0,2,0
84,1,0,0,yes,1,5,9.0,1,40.0,43.0,0.267,16.0,80.0,0.5625,30.0,5.6,1900.0,55.6,38.9,2.2,1.3,30.0,40.0,103.22,0,2,0
85,0,1,1,yes,1,4,7.0,2,45.0,45.0,0.27585742187499995,14.7,75.0,0.625,30.0,15.0,1734.0,50.0,35.0,1.5,0.6,34.0,40.0,103.22,1,1,0
86,1,1,0,yes,3,3,2.0,2,60.0,49.0,0.333,14.9,77.0,0.75,27.0,10.3239852398524,1650.0,58.8,41.2,2.5,0.7,33.0,40.0,103.33,0,1,2
87,0,1,1,no,1,4,7.0,2,55.0,49.0,0.267,12.5,70.0,0.625,30.0,5.6,1750.0,55.6,38.9,2.5,0.9,34.0,40.0,106.66,1,1,1
88,0,1,1,yes,1,4,2.0,2,45.0,45.0,0.27585742187499995,15.1,75.0,0.625,20.0,15.0,1750.0,50.0,35.0,1.6,0.9,34.0,40.0,103.22,0,1,0
89,1,1,0,yes,3,3,9.0,2,55.0,49.0,0.2,15.6,74.0,0.75,24.0,10.3239852398524,1650.0,58.8,41.2,2.5,1.7,33.0,40.0,103.33,0,1,1
90,1,0,0,yes,1,7,2.0,2,40.0,49.0,0.233,15.3,74.0,1.0,34.0,10.3239852398524,2000.0,62.5,37.5,2.2,1.0,35.0,40.0,100.0,0,2,0
91,1,0,0,yes,1,7,9.0,2,40.0,49.0,0.233,16.8,78.0,0.9375,30.0,10.3239852398524,2000.0,62.5,37.5,2.4,0.9,35.0,40.0,100.0,0,2,0
92,0,1,1,yes,1,4,7.0,2,42.5,46.0,0.3,14.0,77.0,0.625,42.0,15.8,1850.0,49.5,34.6,1.5,0.8,34.0,40.0,100.0,1,2,0
93,1,0,0,yes,1,7,1.0,1,35.0,44.0,0.2,15.5,100.0,0.875,30.0,10.3239852398524,2200.0,53.2,46.8,2.4375238095238094,1.0026717557251907,30.0,40.0,100.0,1,3,0
94,0,1,1,no,1,6,2.0,2,42.0,44.0,0.3,15.0,80.0,1.25,20.0,16.7,1300.0,49.0,34.3,2.5,0.2,40.0,40.0,110.0,0,0,0
95,0,1,1,no,1,6,9.0,2,45.0,44.0,0.3,15.5,75.0,1.25,20.0,14.1,1300.0,50.5,35.4,2.5,1.5,40.0,40.0,110.0,0,0,0
96,1,0,0,yes,1,5,2.0,1,50.0,43.0,0.3,16.0,70.0,0.8125,30.0,3.4,2400.0,56.8,39.8,2.5,0.8,30.0,40.0,103.125,0,3,1
97,1,0,0,yes,1,5,9.0,1,47.0,43.0,0.267,16.0,80.0,0.5625,30.0,9.1,2400.0,50.5,40.4,2.5,1.1,30.0,40.0,103.125,0,3,1
98,1,0,0,yes,1,5,2.0,1,35.0,48.0,0.233,16.0,76.0,0.8125,30.0,8.9,1900.0,49.5,41.6,2.5,1.2,30.0,40.0,103.22,0,2,0
99,1,0,0,yes,1,5,9.0,1,35.0,48.0,0.233,16.0,86.0,0.5625,30.0,16.1,1900.0,44.6,39.3,2.5,1.5,30.0,40.0,103.22,0,2,0
100,1,1,0,yes,1,6,2.0,1,35.0,43.0,0.233,14.0,75.0,1.25,20.0,7.6,1826.8125,54.3,38.0,2.5,2.0,33.0,40.0,106.66,0,2,0
101,1,1,0,yes,1,6,9.0,1,37.5,43.0,0.233,14.0,80.0,1.25,20.0,6.25,1826.8125,52.1,41.7,3.0,1.5,33.0,40.0,106.66,0,2,0
102,1,1,0,yes,0,1,1.0,2,40.0,44.0,0.2,15.0,68.0,0.75,30.907563025210084,10.3239852398524,1750.0,58.8,41.2,2.7,0.7,35.0,40.0,103.125,0,1,0
103,1,1,0,yes,0,1,5.0,2,40.0,44.0,0.233,15.5,68.0,0.75,30.907563025210084,5.6,1750.0,55.6,38.9,1.5,0.5,35.0,40.0,103.125,0,1,0
104,1,0,0,yes,1,6,2.0,1,47.5,68.0,0.4,14.0,78.0,0.75,22.0,10.3239852398524,1900.0,62.5,37.5,2.1,1.7,33.0,40.0,103.125,1,2,1
105,1,0,0,no,3,3,2.0,1,40.0,60.0,0.233,15.0,78.0,1.0,28.0,10.3239852398524,2380.0,60.0,40.0,2.5,1.0,30.0,40.0,106.66,1,3,0
106,0,0,0,no,0,1,9.0,2,55.0,55.0,0.3,16.3,100.0,1.0,30.907563025210084,10.3239852398524,1650.0,58.8,41.2,2.4375238095238094,1.0026717557251907,40.0,40.0,106.66,1,1,1
107,1,0,0,yes,3,2,2.0,1,40.0,55.0,0.433,15.5,92.0,0.75,22.0,9.6,1550.0,53.2,37.2,2.9,1.3,33.0,40.0,106.66,1,0,0
108,1,0,0,yes,3,2,2.0,1,40.0,52.0,0.27585742187499995,16.0,86.0,0.75,26.0,9.6,1975.0,53.2,37.2,2.9,1.3,33.0,40.0,100.0,1,2,0
109,0,1,2,yes,1,4,7.0,2,42.5,52.0,0.4,13.9,76.0,0.625,25.0,10.3239852398524,1800.0,50.0,50.0,2.5,0.9,40.0,40.0,106.66,1,1,0
110,0,1,1,yes,1,4,7.0,1,50.0,56.0,0.267,15.2,76.0,0.625,25.0,3.4,1760.0,56.8,39.8,2.5,0.8,34.0,40.0,103.125,1,1,1
111,0,1,1,yes,1,4,7.0,2,45.0,57.0,0.267,14.0,76.0,0.75,20.0,3.4,1800.0,56.2,40.4,2.0,0.8,34.0,40.0,103.125,1,1,0
112,1,0,0,no,1,5,2.0,1,47.0,67.0,0.4,16.0,74.0,0.8125,38.0,10.3239852398524,1900.0,58.8,41.2,2.5,1.1,33.0,40.0,103.125,0,2,1
113,1,0,0,yes,1,5,9.0,1,47.0,67.0,0.333,16.0,82.0,0.5625,30.0,1.5,1900.0,50.5,34.3,2.5,1.1,33.0,40.0,103.125,0,2,1
114,0,1,1,yes,0,1,5.0,2,50.0,52.0,0.3,17.0,69.0,0.75,30.907563025210084,10.3239852398524,1700.0,58.8,41.2,2.2,0.9,40.0,40.0,106.66,0,1,1
115,0,1,1,no,2,0,7.0,2,50.0,55.0,0.233,13.34,74.0,0.625,30.907563025210084,4.8,1635.0,59.5,35.7,3.0,2.0,40.0,40.0,100.0,0,1,1
116,0,1,1,no,2,0,2.0,2,50.0,55.0,0.233,13.86,70.0,0.625,47.0,10.2,1635.0,51.0,38.8,3.0,1.0,40.0,40.0,100.0,0,1,1
117,0,1,1,yes,0,1,1.0,2,50.0,52.0,0.267,15.6,71.0,0.75,30.907563025210084,20.6,1700.0,46.7,32.7,2.5,0.6,40.0,40.0,106.66,0,1,1
118,1,0,0,yes,3,2,2.0,1,30.0,63.0,0.3,13.0,94.0,1.0,29.0,10.3239852398524,1800.0,56.2,43.8,2.5,1.0,30.0,40.0,110.0,1,1,0
119,1,0,0,yes,3,2,2.0,1,50.0,60.0,0.267,13.6,86.0,1.125,28.0,10.3239852398524,1500.0,64.1,35.9,2.5,1.0,33.0,40.0,106.45,1,0,1
120,0,1,1,no,1,4,7.0,2,55.0,53.0,0.3,14.2,72.0,0.625,25.0,22.7,1750.0,45.5,31.8,2.4,0.9,34.0,40.0,103.125,1,1,1
121,1,0,0,no,3,2,2.0,1,35.0,56.0,0.3,15.3,80.0,0.75,20.0,10.3239852398524,1900.0,76.9,23.1,2.5,1.25,33.0,40.0,106.66,1,2,0
122,0,1,1,no,1,4,7.0,2,55.0,56.0,0.233,15.0,84.0,0.625,25.0,16.7,1850.0,52.1,31.3,2.0,0.6,34.0,40.0,103.125,1,2,1
123,0,1,1,no,1,4,7.0,2,55.0,49.0,0.2,15.0,78.0,0.625,20.0,17.1,1900.0,47.6,35.2,2.5,0.85,34.0,40.0,106.45,1,2,1
124,0,1,1,yes,2,0,2.0,2,50.0,50.0,0.2,15.7,90.0,0.75,50.0,10.3239852398524,1420.0,62.5,37.5,3.0,1.35,40.0,40.0,106.45,0,0,1
125,0,1,1,yes,2,0,7.0,2,50.0,50.0,0.2,15.5,74.0,0.75,58.0,4.8,1420.0,59.5,35.7,3.0,1.0,40.0,40.0,106.45,0,0,1
126,1,0,0,yes,1,5,9.0,1,35.0,56.0,0.233,16.0,82.0,0.5625,28.0,5.6,2100.0,56.2,38.2,1.7,0.4,30.0,40.0,103.125,0,3,0
127,1,0,0,yes,1,5,2.0,1,35.0,56.0,0.2,15.0,80.0,0.8125,40.0,8.6,2100.0,53.8,37.6,1.7,1.0,30.0,40.0,100.0,0,3,0
128,1,0,0,yes,1,5,2.0,1,40.0,50.0,0.2,16.0,68.0,0.8125,30.0,10.3239852398524,2400.0,58.8,41.2,2.5,1.5,33.0,40.0,103.125,0,3,0
129,1,0,0,yes,1,5,9.0,1,40.0,50.0,0.233,16.0,70.0,0.5625,30.0,10.3239852398524,2400.0,58.8,41.2,1.5,0.5,33.0,40.0,103.125,0,3,0
130,1,1,0,yes,1,6,2.0,2,45.0360824742268,59.0,0.233,14.2,80.0,1.0,20.0,5.6,1826.8125,55.6,38.9,2.0,2.5,33.0,40.0,106.45,0,2,1
131,1,1,0,yes,1,6,9.0,2,37.5,59.0,0.233,16.0,75.0,0.75,20.0,4.3,1826.8125,54.3,41.3,2.5,1.5,33.0,40.0,106.45,0,2,0
132,1,1,0,yes,3,3,9.0,2,40.0,54.0,0.2,15.8,76.0,0.5,38.0,5.6,1736.0,55.6,38.9,2.5,1.5,35.0,40.0,103.125,0,1,0
133,1,1,2,yes,3,3,2.0,2,40.0,54.0,0.2,15.4,78.0,0.5,34.0,5.7,1736.0,56.8,36.9,2.5,1.1,35.0,40.0,103.125,0,1,0
134,0,1,1,no,1,4,2.0,2,55.0,45.0,0.267,15.5,79.0,0.625,20.0,16.7,1850.0,54.3,34.3,2.5,1.0,34.0,40.0,100.0,0,2,1
135,0,1,1,no,1,4,7.0,2,52.0,64.0,0.4,15.5,82.0,0.625,30.0,10.3239852398524,1800.0,71.4,28.6,2.5,0.9,34.0,40.0,103.125,1,1,1
136,1,0,0,no,3,3,9.0,1,40.0,56.0,0.233,16.5,79.0,0.5,28.0,10.3239852398524,2300.0,60.2,39.8,2.5,1.5,30.0,40.0,106.45,1,3,0
137,1,0,0,yes,1,5,2.0,1,45.0,54.0,0.333,15.5,76.0,0.8125,30.0,5.6,2250.0,55.6,38.9,2.5,1.3,30.0,40.0,106.45,0,3,0
138,1,1,0,yes,1,7,2.0,0,47.5,68.0,0.4,16.0,80.0,0.75,30.0,10.3239852398524,2250.0,58.8,41.2,1.5,1.0,35.0,40.0,106.45,0,3,1
139,1,1,0,yes,1,7,9.0,0,47.5,68.0,0.35,16.0,80.0,0.75,30.0,10.3239852398524,2250.0,52.1,47.9,1.5,0.75,35.0,40.0,106.45,0,3,1
140,1,0,0,yes,1,5,9.0,1,45.0,54.0,0.367,15.5,74.0,0.5625,40.0,10.5,2250.0,52.6,36.8,2.5,1.8,30.0,40.0,106.45,0,3,0
141,1,1,0,no,1,6,2.0,1,37.5,70.0,0.333,14.9,64.0,0.75,28.0,3.4,1500.0,57.5,39.1,2.5,1.0,40.0,40.0,106.89,0,0,0
142,1,1,0,yes,1,6,9.0,1,37.5,70.0,0.4,15.0,65.0,0.75,25.0,5.4,1500.0,54.3,40.2,2.3,0.9,40.0,40.0,106.66,0,0,0
143,1,0,0,yes,1,5,2.0,1,47.5,60.0,0.4,14.5,74.0,0.8125,20.0,8.6,1600.0,53.8,37.6,2.0,1.5,35.0,40.0,110.0,0,0,1
144,1,0,0,yes,1,7,9.0,1,40.0,62.0,0.3,16.0,84.0,0.9375,28.0,10.3239852398524,2200.0,58.8,41.2,2.5,0.6,30.0,40.0,106.45,0,3,0
145,1,0,0,yes,1,7,2.0,1,40.0,62.0,0.267,16.0,84.0,0.9375,32.0,10.3239852398524,2200.0,58.8,41.2,1.4,1.0,30.0,40.0,106.45,0,3,0
146,1,0,0,yes,3,3,9.0,1,40.0,64.0,0.2,15.5,85.0,1.0,26.0,10.3239852398524,2400.0,58.8,41.2,2.5,1.0,30.0,40.0,103.125,0,3,0
147,1,0,0,yes,3,3,2.0,1,40.0,64.0,0.233,15.0,82.0,0.75,31.0,10.3239852398524,2400.0,60.0,40.0,2.5,1.0,30.0,40.0,106.66,0,3,0
148,0,1,1,no,2,0,7.0,2,50.0,69.0,0.367,17.0,82.0,0.75,50.0,10.3239852398524,1700.0,62.5,37.5,3.0,1.0,40.0,40.0,106.45,1,1,1
149,1,0,0,no,1,5,9.0,1,50.0,60.0,0.4,16.0,76.0,0.5625,28.0,5.6,1600.0,55.6,38.9,1.0,0.5,35.0,40.0,110.0,0,0,1
150,1,0,0,yes,3,2,2.0,2,50.0,62.0,0.4,15.4,98.0,0.75,25.0,10.6,1750.0,48.1,41.3,2.8,1.3,33.0,40.0,110.0,0,1,1
151,1,0,0,yes,3,2,9.0,2,50.0,62.0,0.4,14.9,96.0,0.75,26.0,11.0,1950.0,50.0,39.0,2.8,0.8,33.0,40.0,110.0,0,2,1
152,0,1,1,yes,0,1,1.0,2,50.0,68.0,0.367,13.4,70.0,0.7243334970530452,30.907563025210084,20.4,1700.0,46.3,33.3,2.5,1.0,40.0,40.0,106.45,1,1,1
153,1,1,0,yes,3,2,9.0,0,35.0,68.0,0.4,15.1,90.0,0.875,30.0,6.0,1500.0,59.5,34.5,2.5,1.0,35.0,40.0,106.89,1,0,0
154,1,0,0,yes,3,3,2.0,2,45.0360824742268,56.0,0.3,16.02,84.0,0.25,30.0,5.3,2244.0,52.6,42.1,3.0,0.8,30.0,40.0,110.0,0,3,1
155,1,0,0,yes,3,3,9.0,2,32.5,56.0,0.367,15.03,79.0,0.3125,28.0,5.3,2244.0,52.6,42.1,1.8,0.5,30.0,40.0,106.45,0,3,0
156,1,0,0,yes,1,7,2.0,1,40.0,56.0,0.3,17.0,82.0,0.75,30.0,10.3239852398524,2550.0,52.6,47.4,2.0,1.0,33.0,40.0,103.22,0,3,0
157,1,0,0,yes,1,7,9.0,1,30.0,56.0,0.283,17.0,72.0,0.75,30.0,10.3239852398524,2550.0,52.6,47.4,2.0,1.0,33.0,40.0,103.22,0,3,0
158,1,0,0,yes,3,2,2.0,1,30.0,69.0,0.3,16.0,98.0,0.75,35.0,10.3239852398524,2050.0,62.5,37.5,2.75,1.0,33.0,40.0,100.0,0,3,0
159,1,0,0,yes,1,6,2.0,1,45.0,69.0,0.267,15.6,72.0,0.75,21.0,5.6,2426.0,55.6,38.9,2.85,1.1,30.0,40.0,103.22,0,3,0
160,1,0,0,yes,1,6,9.0,1,45.0,69.0,0.267,16.1,76.0,0.75,22.0,5.6,2426.0,55.6,38.9,2.7,0.7,30.0,40.0,103.22,0,3,0
161,1,0,0,no,3,2,9.0,1,32.5,69.0,0.2,15.5,94.0,0.75,30.0,0.5,2050.0,52.6,42.1,2.5,1.0,33.0,40.0,100.0,0,3,0
162,1,0,0,no,1,5,2.0,1,45.0360824742268,66.0,0.2,15.0,82.0,0.8125,30.0,7.0,1900.0,58.1,34.9,2.5,0.9,30.0,40.0,103.125,1,2,1
163,0,1,1,no,3,3,9.0,2,45.0,65.0,0.3,16.3,78.0,0.75,32.0,3.4,1700.0,56.8,39.8,2.5,1.0,34.0,40.0,106.45,1,1,0
164,0,1,1,yes,3,3,2.0,2,40.0,68.0,0.3,14.0,88.0,0.75,32.0,10.3239852398524,1742.0,60.0,40.0,2.5,1.0,40.0,40.0,103.125,1,1,0
165,1,1,0,yes,1,5,9.0,1,40.0,64.0,0.2,16.5,82.0,0.5625,30.0,2.3,1900.0,57.5,40.2,1.3,0.8,30.0,40.0,106.45,1,2,0
166,0,1,2,yes,3,2,2.0,2,40.0,65.0,0.267,16.2,79.0,0.625,30.0,10.3239852398524,1500.0,62.5,37.5,2.5,1.0,38.0,40.0,106.45,1,0,0
167,0,1,1,yes,0,1,1.0,2,50.0,66.0,0.233,16.0,87.0,1.0,30.907563025210084,11.1,1530.0,55.6,33.3,2.5,1.0,34.0,40.0,100.0,1,0,1
168,1,1,0,yes,3,2,9.0,2,35.0,62.0,0.4,14.5,94.0,1.0,35.0,10.3239852398524,1900.0,63.3,36.7,2.5,1.0,35.0,40.0,106.89,1,2,0
169,1,0,0,no,1,5,2.0,1,40.0,62.0,0.27585742187499995,16.0,80.0,0.8125,40.0,10.3239852398524,2250.0,62.5,37.5,2.5,0.7,30.0,40.0,110.0,1,3,0
170,1,1,0,yes,1,6,9.0,2,42.5,58.0,0.4,15.0,76.0,1.0,20.0,5.4,2000.0,54.3,40.2,2.5,1.0,35.0,40.0,103.33,1,2,0
171,0,0,0,yes,0,1,9.0,2,50.0,64.0,0.233,18.0,64.0,1.0,30.907563025210084,10.3239852398524,1300.0,62.5,37.5,3.0,1.0,40.0,40.0,106.45,1,0,1
172,0,0,0,yes,0,1,10.0,2,50.0,64.0,0.2,16.0,86.0,0.75,30.907563025210084,10.3239852398524,1300.0,58.8,41.1,2.5,1.0,40.0,40.0,106.45,1,0,1
173,0,1,1,yes,3,3,2.0,1,60.0,66.0,0.2,14.5,85.0,0.25,30.907563025210084,10.3239852398524,1826.8125,62.2,37.8,2.5,1.0,34.0,40.0,106.45,1,2,2
174,1,0,0,no,1,5,9.0,1,40.0,64.0,0.233,15.4,88.0,0.5625,24.0,4.4,1835.0,55.5,40.0,2.0,1.3,30.0,40.0,106.45,0,2,0
175,1,0,0,no,1,5,2.0,1,40.0,64.0,0.2,16.0,76.0,0.8125,23.0,4.8,1835.0,59.5,35.7,2.0,0.7,30.0,40.0,106.45,0,2,0
176,0,1,1,yes,3,3,9.0,2,47.5,63.0,0.3,16.4,84.0,0.5,27.0,20.7,1800.0,41.3,38.0,2.6,0.3,40.0,33.0,96.7,1,1,1
177,0,1,1,yes,3,3,9.0,2,50.0,50.0,0.3,14.5,84.0,0.25,24.0,20.7,1500.0,41.3,38.0,3.0,0.6,40.0,33.0,103.3,1,0,1
178,0,1,1,yes,0,1,1.0,2,50.0,48.0,0.233,13.0,80.0,1.0,30.907563025210084,18.9,1700.0,47.2,34.0,2.7,0.6,40.0,33.0,100.0,1,1,1
179,0,1,1,yes,3,2,9.0,2,52.0,54.0,0.5,16.0,82.0,0.875,22.0,15.8,900.0,49.5,34.7,2.5,1.0,50.0,40.0,96.7,1,0,1
180,1,0,0,no,1,6,2.0,1,40.0,41.0,0.233,14.0,79.0,0.75,20.0,10.3239852398524,1530.0,61.7,38.3,3.1,1.8,33.0,33.0,96.9,0,0,0
181,1,0,0,yes,3,2,9.0,1,45.0,42.0,0.233,15.0,76.0,0.75,30.0,10.3239852398524,2220.0,58.8,41.2,2.5,1.0,30.0,35.0,100.0,0,3,0
182,1,0,0,yes,3,2,2.0,1,45.0,42.0,0.233,16.0,84.0,0.625,28.0,10.3239852398524,2220.0,54.3,45.7,2.5,1.0,30.0,35.0,100.0,0,3,0
183,0,1,1,yes,2,0,7.0,2,55.0,54.0,0.267,15.0,70.0,0.625,60.0,3.4,1600.0,56.8,39.8,1.0,0.4,45.0,40.0,103.3,0,0,1
184,0,1,2,no,2,0,2.0,2,57.5,54.0,0.267,15.5,80.0,0.625,55.0,10.3239852398524,1600.0,62.5,37.5,3.0,0.5,45.0,40.0,103.3,0,0,2
185,1,0,0,yes,0,1,9.0,2,40.0,54.0,0.233,15.59,89.0,1.0,30.907563025210084,1.2,1700.0,58.1,40.7,2.5,0.6,40.0,33.0,103.3,0,1,0
186,1,0,0,yes,3,2,2.0,2,40.0,38.0,0.3,16.0,92.0,0.625,25.0,1.1,1900.0,53.8,45.2,2.5,1.0,30.0,33.0,100.0,0,2,0
187,1,1,0,yes,3,2,1.0,1,50.0,60.0,0.3,14.0,75.0,0.625,33.0,10.3239852398524,2000.0,65.2,34.8,2.4375238095238094,1.0026717557251907,35.0,40.0,96.9,1,2,1
188,0,1,1,yes,3,3,9.0,2,45.0,49.0,0.2,16.0,72.0,0.375,38.0,15.0,1650.0,50.0,35.0,2.5,0.2,38.0,33.0,96.9,1,1,0
189,0,1,1,yes,0,1,5.0,2,60.0,43.0,0.367,15.0,94.0,1.0,30.907563025210084,9.5,1500.0,52.6,37.9,2.5,1.0,40.0,35.0,100.0,1,0,2
190,0,1,1,no,1,4,7.0,2,47.5,41.0,0.333,18.0,74.0,0.5,30.0,17.7,1900.0,44.2,38.1,2.5,1.0,40.0,33.0,100.0,1,2,1
191,0,1,1,yes,2,0,2.0,2,47.5,52.0,0.267,14.3,98.0,0.75,55.0,11.7,1600.0,53.2,35.1,3.0,1.0,40.0,33.0,100.0,1,0,1
192,1,0,0,yes,3,3,9.0,1,37.5,54.0,0.3,14.5,80.0,1.0,20.0,10.9,2400.0,54.3,34.8,2.5,0.4,30.0,40.0,103.3,0,3,0
193,1,0,0,yes,3,3,2.0,1,52.5,54.0,0.267,14.6,82.0,0.7243334970530452,32.0,10.5,2400.0,52.6,36.8,2.5,0.5,30.0,40.0,100.0,0,3,1
194,1,0,0,yes,1,6,2.0,1,45.0,55.0,0.3,15.0,75.0,0.75,25.0,10.3239852398524,2300.0,59.8,40.2,2.0,2.3,30.0,33.0,96.6,0,3,0
195,1,1,0,no,1,6,9.0,1,40.0,48.0,0.3,15.0,82.0,1.0,35.0,10.3239852398524,1720.0,59.3,40.7,1.5,1.5,32.0,33.0,100.0,0,1,0
196,1,1,0,no,1,6,2.0,1,40.0,48.0,0.333,15.0,75.0,1.0,30.0,10.3239852398524,1720.0,61.7,38.3,2.5,3.0,33.0,33.0,103.2,0,1,0
197,0,1,1,no,2,0,7.0,2,50.0,52.0,0.2,14.0,80.0,0.75,60.0,4.4,1700.0,54.9,40.7,2.5,1.0,40.0,33.0,100.0,1,1,1
198,0,1,1,yes,0,1,1.0,2,55.0,54.0,0.233,13.23,79.0,1.0,30.907563025210084,18.9,1700.0,47.2,34.0,2.0,0.6,40.0,33.0,100.0,0,1,1
199,1,0,0,yes,0,1,10.0,2,40.0,54.0,0.267,14.42,87.0,1.0,30.907563025210084,4.5,1700.0,56.2,39.3,2.5,1.0,40.0,33.0,96.8,0,1,0
200,0,1,1,yes,2,0,2.0,2,72.5,54.0,0.2,14.5,82.0,0.75,50.0,2.2,1900.0,56.7,41.6,3.0,0.9,40.0,33.0,100.0,0,2,2
201,0,1,1,yes,0,1,5.0,2,47.5,54.0,0.2,16.08,69.0,1.0,30.907563025210084,3.3,1700.0,55.5,41.1,2.5,0.9,40.0,30.0,103.3,0,1,1
202,0,1,1,yes,3,3,2.0,2,60.0,50.0,0.3,15.0,72.0,0.75,30.0,15.9,1700.0,44.2,39.8,3.0,0.5,40.0,33.0,100.0,1,1,2
203,1,0,0,yes,1,5,9.0,1,50.0,48.0,0.333,15.8,70.0,0.7243334970530452,30.0,10.3239852398524,1900.0,58.8,41.2,2.5,1.2,30.0,33.0,100.0,0,2,1
204,1,0,0,yes,1,5,2.0,2,50.0,48.0,0.233,15.5,68.0,0.8125,30.0,10.3239852398524,1900.0,57.4,42.6,1.5,1.0,30.0,33.0,100.0,0,2,1
205,1,0,0,yes,3,2,9.0,1,40.0,54.0,0.233,15.0,80.0,0.75,28.0,10.3239852398524,1800.0,58.8,41.2,2.5,1.2,30.0,33.0,100.0,0,1,0
206,1,0,0,yes,3,2,2.0,1,40.0,54.0,0.3,15.0,88.0,0.75,28.0,10.3239852398524,1800.0,58.8,41.2,2.5,1.2,30.0,33.0,100.0,0,1,0
207,0,1,1,no,1,4,7.0,2,40.0,54.0,0.333,14.1,80.0,0.7243334970530452,20.0,24.8,1850.0,41.3,33.9,2.5,0.8,40.0,40.0,103.3,0,2,0
208,0,1,2,no,2,0,2.0,2,50.0,65.0,0.27585742187499995,17.0,100.0,0.625,52.0,5.6,1650.0,55.5,38.9,3.0,0.6,45.0,39.056390977443606,103.03279135338346,1,1,1
209,0,1,2,no,1,4,7.0,2,52.5,62.0,0.433,14.5,95.0,0.75,20.0,10.3239852398524,1950.0,58.8,41.2,2.0,1.0,38.0,35.0,100.0,1,2,1
210,0,1,1,no,2,0,2.0,2,50.0,56.0,0.2,14.3,105.0,0.75,70.0,10.3239852398524,1600.0,55.5,44.5,3.0,1.0,45.0,35.0,100.0,1,0,1
211,1,0,0,yes,0,1,6.0,0,47.5,62.0,0.333,15.0,84.0,0.7243334970530452,30.907563025210084,5.6,1826.8125,56.2,38.2,2.5,1.0,35.0,40.0,96.7,0,2,1
212,1,0,0,yes,0,1,1.0,0,47.5,62.0,0.27585742187499995,15.0,80.0,0.7243334970530452,30.907563025210084,5.6,1826.8125,56.2,38.2,2.5,1.0,35.0,40.0,96.9,0,2,1
213,1,0,0,yes,3,2,9.0,1,30.0,58.0,0.433,15.9,81.0,0.625,30.0,10.3239852398524,2150.0,62.5,37.5,2.5,1.0,30.0,35.0,90.0,0,3,0
214,1,0,0,yes,3,2,2.0,1,30.0,58.0,0.333,16.3,78.0,0.625,30.0,10.3239852398524,2150.0,58.8,41.2,2.5,1.0,30.0,35.0,90.0,0,3,0
215,1,0,0,yes,1,5,2.0,1,30.0,51.0,0.3,16.0,70.0,0.8125,20.0,10.3239852398524,2250.0,58.8,41.2,1.5,0.6,30.0,35.0,103.3,0,3,0
216,1,0,0,yes,1,5,9.0,1,30.0,51.0,0.333,16.0,76.0,0.875,25.0,19.1,2250.0,42.7,38.2,1.2,0.5,30.0,35.0,103.3,0,3,0
217,1,0,0,yes,1,6,9.0,1,30.0,58.0,0.467,15.0,98.0,0.75,30.0,10.3239852398524,2300.0,58.8,41.2,2.25,1.0,30.0,35.0,100.0,0,3,0
218,1,0,0,yes,1,6,2.0,1,30.0,58.0,0.467,15.0,96.0,0.75,30.0,10.3239852398524,2300.0,58.8,41.2,3.0,0.75,30.0,35.0,100.0,0,3,0
219,0,0,1,no,3,2,9.0,1,52.5,54.0,0.433,16.3,90.0,0.75,38.0,10.3239852398524,1800.0,62.5,38.5,2.9,1.1,33.0,35.0,100.0,0,1,1
220,0,0,1,no,3,2,2.0,1,55.5,54.0,0.233,15.0,82.0,0.75,38.0,10.3239852398524,1800.0,58.8,41.2,2.0,1.0,33.0,35.0,100.0,0,1,2
221,0,1,1,yes,1,4,2.0,2,40.0,54.0,0.27585742187499995,14.6,85.0,0.7243334970530452,20.0,21.7,1850.0,43.5,34.8,2.5,0.8,40.0,39.056390977443606,103.03279135338346,0,2,0
222,0,1,1,yes,0,1,1.0,3,50.0,53.0,0.3,16.0,65.0,0.75,30.907563025210084,15.8,1300.0,49.5,34.7,2.5,1.0,28.0,35.0,93.5,0,0,1
223,0,1,1,yes,0,1,6.0,3,50.0,53.0,0.3,16.5,90.0,0.75,30.907563025210084,11.3,1300.0,51.5,37.1,2.5,0.7,28.0,35.0,100.0,0,0,1
224,0,1,2,yes,2,0,7.0,2,50.0,59.0,0.367,13.0,92.0,0.625,49.0,10.3239852398524,1300.0,58.8,41.2,3.0,1.1,40.0,35.0,100.0,1,0,1
225,0,1,1,no,3,2,9.0,2,57.5,55.0,0.333,14.0,86.0,0.75,30.0,13.0,1700.0,50.0,37.0,2.9,0.9,34.0,35.0,100.0,0,1,2
226,0,1,1,no,3,2,2.0,2,55.0,55.0,0.3,13.0,86.0,0.75,28.0,13.7,1700.0,49.0,37.3,3.0,0.8,34.0,35.0,100.0,0,1,1
227,1,0,0,yes,3,2,9.0,1,45.0360824742268,60.0,0.27585742187499995,15.5,80.0,0.7243334970530452,30.0,13.0,1750.0,54.3,32.6,2.75,1.0,33.0,39.056390977443606,103.03279135338346,0,1,1
228,1,0,0,yes,3,2,2.0,1,45.0360824742268,60.0,0.27585742187499995,15.0,78.0,0.625,34.0,15.0,1750.0,50.0,35.0,2.5,1.0,33.0,39.056390977443606,103.03279135338346,0,1,1
229,0,1,2,no,0,1,6.0,2,50.0,59.0,0.4,15.0,90.0,0.75,30.907563025210084,10.3239852398524,1500.0,58.8,41.2,2.5,1.0,40.0,35.0,100.0,1,0,1
230,0,1,1,no,1,4,7.0,2,55.0,49.0,0.233,15.6,80.0,1.0,30.0,35.8,1950.0,41.7,22.5,2.7,1.0,40.0,37.0,100.0,1,2,1
231,0,1,1,yes,3,2,2.0,2,65.0,49.0,0.333,13.5,82.0,0.625,30.0,10.3239852398524,1350.0,68.2,31.8,2.5,1.0,38.0,37.0,103.2,1,0,2
232,1,1,1,no,2,0,2.0,2,65.0,65.0,0.4,14.0,100.0,0.75,40.0,7.0,1200.0,58.1,34.9,2.5,1.0,40.0,35.0,100.0,1,0,2
233,1,0,0,yes,1,5,6.0,1,50.0,58.0,0.3,16.0,78.53903345724908,0.875,24.0,10.3239852398524,2200.0,58.8,41.2,1.2,0.6,30.0,42.0,93.75,0,3,1
234,0,1,1,no,3,2,9.0,2,65.0,58.0,0.4,15.0,74.0,0.625,32.0,10.3239852398524,1800.0,57.5,42.5,2.5,1.0,38.0,37.0,103.2,1,1,2
235,1,0,0,yes,1,5,2.0,1,50.0,58.0,0.333,15.5,75.0,0.8125,24.0,10.3239852398524,2200.0,58.8,41.2,1.5,0.6,30.0,42.0,100.0,0,3,1
236,0,1,1,yes,3,3,9.0,2,62.5,47.0,0.167,17.0,75.0,0.75,30.0,14.3,1700.0,47.6,38.1,3.0,0.5,40.0,40.0,96.9,1,1,2
237,1,0,0,yes,1,6,9.0,1,40.0,47.0,0.2,15.0,75.0,0.75,25.0,10.3239852398524,2100.0,61.1,38.9,2.4,1.1,33.0,40.0,96.9,0,3,0
238,0,1,1,yes,1,4,2.0,2,45.0,47.0,0.2,14.0,80.0,0.75,20.0,18.0,1800.0,45.0,37.0,2.5,0.8,40.0,40.0,96.9,0,1,0
239,0,1,1,no,1,4,7.0,2,50.0,59.0,0.333,14.5,71.0,0.625,20.0,11.1,1650.0,55.5,33.3,2.5,1.0,40.0,39.056390977443606,103.03279135338346,1,1,1
240,0,1,1,yes,3,2,2.0,2,60.0,58.0,0.333,15.1,93.0,1.0,25.0,10.3239852398524,1650.0,56.1,33.9,2.5,1.0,40.0,35.0,100.0,1,1,2
241,0,1,1,no,3,2,2.0,2,50.0,58.0,0.367,13.5,100.0,0.75,35.0,10.3239852398524,1750.0,55.5,44.5,2.7,0.5,40.0,35.0,100.0,1,1,1
242,0,1,1,yes,2,0,2.0,2,40.0,56.0,0.3,16.5,80.0,0.7243334970530452,45.0,20.3,1400.0,44.2,35.5,3.0,0.6,40.0,35.0,100.0,0,0,0
243,0,1,1,yes,2,0,7.0,2,30.0,56.0,0.433,16.0,70.0,0.7243334970530452,60.0,21.8,1400.0,45.4,32.8,3.0,0.9,40.0,40.0,96.8,0,0,0
244,0,1,1,yes,3,2,9.0,2,37.5,56.0,0.3,14.0,82.0,0.625,28.0,10.3239852398524,1700.0,58.8,41.2,2.5,0.5,40.0,35.0,100.0,0,1,0
245,0,1,1,yes,0,1,5.0,2,50.0,56.0,0.333,14.6,74.0,0.75,30.907563025210084,7.5,1400.0,53.8,38.7,2.4,0.8,40.0,40.0,96.8,0,0,1
246,0,1,1,yes,0,1,1.0,2,57.5,56.0,0.5,13.8,73.0,0.75,30.907563025210084,4.4,1400.0,52.7,42.9,2.0,0.5,40.0,40.0,96.8,0,0,2
247,1,0,0,yes,1,6,2.0,1,45.0,55.0,0.2,14.0,73.0,0.75,30.0,10.3239852398524,2100.0,61.1,38.9,2.5,0.8,33.0,40.0,96.8,1,3,0
248,1,0,0,yes,1,5,9.0,1,30.0,56.0,0.2,14.7,87.0,0.875,20.0,10.3239852398524,2150.0,58.8,41.2,1.5,0.6,30.0,40.0,96.8,0,3,0
249,1,0,0,yes,1,5,2.0,1,40.0,56.0,0.333,15.3,86.0,0.8125,32.0,10.3239852398524,2150.0,58.8,41.2,2.2,0.8,30.0,35.0,100.0,0,3,0
250,0,0,0,yes,0,1,10.0,2,55.0,56.0,0.4,15.0,87.0,0.75,30.907563025210084,10.3239852398524,1250.0,62.5,37.5,2.5,1.0,40.0,40.0,96.8,0,0,1
251,0,0,0,yes,0,1,9.0,2,55.0,56.0,0.4,15.0,93.0,0.75,30.907563025210084,10.3239852398524,1250.0,62.5,37.5,2.5,1.0,40.0,40.0,96.8,0,0,1
252,0,1,1,no,3,3,2.0,2,60.0,56.0,0.3,16.0,87.0,0.625,26.0,10.5,1450.0,50.5,39.0,3.0,1.3,40.0,40.0,93.75,1,0,2
253,0,1,1,no,2,0,2.0,2,60.0,53.0,0.3,18.0,103.0,0.625,50.0,22.1,1600.0,41.0,36.9,3.0,0.7,40.0,35.0,105.2,0,0,2
254,0,1,1,no,2,0,7.0,2,57.5,53.0,0.367,14.5,70.0,0.625,58.0,20.2,1600.0,42.0,37.8,3.0,1.0,40.0,35.0,105.2,0,0,2
255,0,1,1,no,2,0,7.0,2,62.5,61.0,0.3,14.0,85.0,0.75,50.0,3.5,1660.0,56.8,39.7,3.0,1.0,32.0,40.0,93.75,0,1,2
256,0,1,1,no,2,0,2.0,2,65.0,61.0,0.367,14.8,80.0,0.375,45.0,19.5,1660.0,42.4,38.1,3.0,1.0,32.0,35.0,105.2,0,1,2
257,1,0,0,yes,1,7,2.0,1,50.0,61.0,0.267,14.2,88.0,1.0,29.0,10.3239852398524,2350.0,52.6,47.4,2.5,1.1,30.0,40.0,93.75,0,3,1
258,1,0,0,yes,1,7,10.0,1,50.0,61.0,0.333,13.0,72.0,1.0,41.0,10.3239852398524,2350.0,58.8,41.2,2.0,1.0,30.0,35.0,105.2,0,3,1
259,1,0,0,no,1,4,2.0,1,45.0,61.0,0.4,14.0,78.0,0.75,20.0,25.6,2100.0,42.7,31.7,2.5,0.8,30.0,35.0,105.2,0,3,0
260,1,0,0,yes,1,4,7.0,1,50.0,61.0,0.333,13.1,70.0,0.75,25.0,21.7,2100.0,41.7,36.6,2.5,0.8,30.0,35.0,105.2,0,3,1
261,1,0,0,yes,1,6,2.0,1,32.5,54.0,0.267,15.5,78.0,1.0,25.0,10.3239852398524,1900.0,58.8,41.2,2.5,0.5,30.0,35.0,93.3,0,2,0
262,1,0,0,yes,1,6,9.0,1,32.5,54.0,0.5,15.5,78.0,1.0,25.0,10.3239852398524,1900.0,58.8,41.2,1.4,0.8,30.0,35.0,103.2,0,2,0
263,1,0,0,yes,1,6,9.0,1,40.0,54.0,0.2,15.0,72.0,0.75,35.0,10.3239852398524,2500.0,58.5,41.5,2.1,1.1,30.0,40.0,100.0,0,3,0
264,1,0,0,yes,1,6,2.0,1,40.0,54.0,0.367,15.0,78.0,0.75,20.0,10.3239852398524,2500.0,61.1,38.9,2.5,0.7,30.0,40.0,100.0,0,3,0
265,1,0,0,yes,1,5,9.0,1,45.0,54.0,0.2,15.0,80.0,0.8125,20.0,10.3239852398524,2000.0,58.8,41.2,1.5,0.6,33.0,35.0,111.1,0,2,0
266,1,0,1,no,3,3,9.0,2,45.0360824742268,51.0,0.167,16.0,75.0,0.5,30.0,10.3239852398524,1800.0,58.8,41.2,2.1,1.0,30.0,35.0,100.0,1,1,1
267,1,0,0,yes,1,7,2.0,2,40.0,54.0,0.4,15.2,88.0,0.875,30.907563025210084,5.9,2300.0,49.5,44.6,2.5,1.0,33.0,35.0,111.1,0,3,0
268,1,0,0,yes,1,7,9.0,2,40.0,54.0,0.333,14.7,90.0,0.875,30.907563025210084,10.3239852398524,2300.0,52.6,47.4,3.0,1.1,33.0,35.0,111.1,0,3,0
269,0,1,1,yes,3,3,2.0,2,57.5,54.0,0.367,16.2,79.0,0.5,23.0,19.0,1500.0,47.6,33.4,3.0,1.0,32.0,35.0,93.3,0,0,2
270,0,1,1,no,2,0,2.0,2,60.0,53.0,0.333,16.5,88.0,0.75,55.0,22.1,1550.0,41.0,36.9,3.0,0.8,40.0,35.0,105.1,0,0,2
271,0,1,1,yes,3,3,9.0,2,55.0,54.0,0.3,15.8,79.0,0.5,30.0,12.4,1500.0,51.5,36.1,3.0,0.5,32.0,35.0,93.3,0,0,1
272,0,1,1,no,2,0,7.0,2,60.0,53.0,0.3,14.7,70.0,0.75,50.0,20.2,1550.0,42.0,37.8,3.0,1.0,40.0,35.0,111.1,0,0,2
273,1,0,0,yes,3,3,2.0,1,45.0,53.0,0.3,15.2,78.0,1.0,30.907563025210084,13.3,2150.0,51.0,35.7,2.5,1.1,30.0,35.0,111.1,0,3,0
274,1,0,0,yes,3,3,9.0,1,35.0,53.0,0.267,14.7,80.0,1.0,30.907563025210084,5.5,2150.0,55.6,38.9,2.5,0.4,30.0,35.0,111.1,0,3,0
275,1,0,1,yes,3,3,2.0,2,35.0,55.0,0.5,15.0,70.0,0.5,32.0,10.3239852398524,1950.0,58.8,41.2,2.5,1.3,30.0,35.0,100.0,1,2,0
276,1,0,0,no,3,3,2.0,2,35.0,55.0,0.233,15.0,70.0,0.5,35.0,10.3239852398524,2000.0,58.8,41.2,2.5,1.5,30.0,35.0,100.0,1,2,0
277,1,0,1,no,3,3,9.0,2,45.0360824742268,54.0,0.333,17.0,94.0,0.25,26.0,10.3239852398524,1900.0,56.8,43.2,2.5,0.9,30.0,35.0,100.0,0,2,1
278,1,0,1,no,3,3,2.0,2,45.0360824742268,54.0,0.2,14.0,80.0,0.3125,34.0,3.4,1900.0,56.8,39.8,2.5,1.3,30.0,40.0,106.7,0,2,1
279,1,0,0,yes,1,7,2.0,1,30.0,50.0,0.2,15.6,84.0,1.0,30.907563025210084,10.3239852398524,2400.0,58.8,41.2,2.5,0.9,33.0,35.0,96.8,0,3,0
280,1,0,0,yes,1,7,9.0,1,30.0,50.0,0.333,15.8,92.0,1.0,30.907563025210084,10.3239852398524,2400.0,58.5,41.2,3.0,1.4,33.0,35.0,96.8,0,3,0
281,0,1,1,yes,2,0,7.0,2,45.0,50.0,0.2,14.5,70.0,0.75,42.0,5.3,1700.0,52.6,42.1,3.0,0.8,40.0,45.0,100.0,0,1,0
282,0,1,1,yes,2,0,2.0,2,40.0,50.0,0.267,13.5,75.0,0.75,45.0,10.3239852398524,1700.0,58.8,41.2,3.0,0.6,40.0,35.0,100.0,0,1,0
283,0,1,1,yes,1,4,7.0,2,50.0,50.0,0.2,16.2,75.0,0.75,25.0,3.3,1850.0,54.9,41.8,2.7,0.9,40.0,35.0,100.0,0,2,1
284,0,1,1,no,2,0,7.0,3,45.0,54.0,0.333,14.8,70.0,0.75,50.0,13.0,1420.0,54.3,32.6,3.0,0.9,28.0,35.0,106.9,0,0,0
285,0,1,1,no,2,0,2.0,3,45.0,54.0,0.233,14.3,67.0,0.75,45.0,12.3,1420.0,51.5,36.1,3.0,0.6,28.0,35.0,106.9,0,0,0
286,1,0,0,no,3,2,2.0,1,45.0,54.0,0.267,14.0,90.0,0.75,30.0,10.3239852398524,2000.0,58.8,41.2,3.0,1.0,33.0,40.0,103.3,0,2,0
287,1,0,0,no,1,4,7.0,2,30.0,54.0,0.233,15.8,68.0,0.75,25.0,6.4,2000.0,53.2,40.4,2.3,0.8,35.0,35.0,106.9,0,2,0
288,1,0,0,yes,1,5,9.0,2,30.0,54.0,0.5,13.6,70.0,0.8125,30.0,10.3239852398524,2000.0,58.8,41.2,2.3,0.9,30.0,35.0,100.0,0,2,0
289,1,0,0,yes,1,4,2.0,2,30.0,54.0,0.333,16.8,71.0,0.75,25.0,18.0,2000.0,45.0,36.9,2.5,0.9,35.0,35.0,106.9,0,2,0
290,1,0,0,yes,1,5,2.0,2,30.0,54.0,0.167,14.6,70.0,0.8125,30.0,10.3239852398524,2000.0,58.8,41.2,1.5,0.6,30.0,35.0,106.9,0,2,0
291,1,0,0,yes,3,3,9.0,1,45.0,54.0,0.167,18.0,90.0,0.5,26.0,8.3,1875.0,52.1,39.6,3.0,1.0,33.0,35.0,106.9,0,2,0
292,1,0,0,yes,3,2,9.0,1,45.0,54.0,0.367,15.0,100.0,0.75,33.0,2.3,2000.0,56.8,40.9,2.75,0.9,33.0,35.0,106.9,0,2,0
293,0,1,1,yes,0,1,1.0,2,45.0,56.0,0.3,15.5,78.0,0.75,30.907563025210084,11.1,1350.0,55.5,33.3,2.2,0.9,28.0,35.0,100.0,0,0,0
294,0,1,1,yes,0,1,5.0,2,45.0,56.0,0.233,16.0,64.0,0.75,30.907563025210084,11.1,1350.0,55.5,33.3,2.5,0.5,28.0,40.0,103.3,0,0,0
295,0,1,1,no,1,7,2.0,2,45.0,56.0,0.333,14.9,85.0,1.0,30.0,17.3,1600.0,48.1,34.6,2.8,1.0,40.0,35.0,100.0,0,0,0
296,0,1,1,no,1,7,10.0,1,30.0,56.0,0.367,14.7,83.0,1.0,30.0,10.8,1600.0,53.8,35.5,2.6,1.2,40.0,35.0,100.0,0,0,0
297,1,0,0,yes,1,7,2.0,1,57.5,57.0,0.367,15.3,84.0,1.0,30.0,19.0,2400.0,47.6,33.3,3.0,1.0,33.0,40.0,93.75,0,3,2
298,1,0,0,yes,1,7,10.0,1,57.5,57.0,0.27585742187499995,14.2,78.0,1.0,30.0,10.5,2400.0,52.6,36.8,2.5,1.0,33.0,40.0,93.75,0,3,2
299,0,1,1,yes,3,2,1.0,2,47.5,49.0,0.367,15.0,84.0,0.75,28.0,2.2,1600.0,54.3,43.5,3.0,0.9,34.0,30.0,108.1,1,0,1
300,0,1,1,no,1,4,7.0,2,57.5,51.0,0.333,15.2,70.0,0.625,25.0,11.1,1850.0,50.5,38.4,2.5,0.8,34.0,30.0,100.0,0,2,2
301,0,1,1,no,1,4,2.0,2,57.5,51.0,0.267,15.6,81.0,0.75,25.0,9.8,1850.0,49.0,41.2,2.7,0.6,34.0,30.0,100.0,0,2,2
302,1,1,0,yes,1,5,2.0,2,40.0,55.0,0.533,15.4,80.0,0.8125,30.0,10.2,2400.0,51.0,38.8,1.7,0.7,30.0,45.0,93.75,0,3,0
303,1,1,0,yes,1,5,9.0,2,45.0,55.0,0.3,16.1,82.0,0.75,30.0,10.3239852398524,2400.0,58.8,41.2,2.0,0.8,30.0,45.0,93.75,0,3,0
304,0,1,1,yes,0,1,1.0,2,40.0,54.0,0.3,15.0,70.0,0.7243334970530452,30.907563025210084,10.0,1826.8125,50.0,40.0,2.5,0.8,60.0,30.0,100.0,0,2,0
305,0,1,1,yes,0,1,5.0,2,42.5,54.0,0.3,15.0,70.0,0.7243334970530452,30.907563025210084,13.4,1500.0,48.1,38.5,2.5,1.0,60.0,45.0,93.75,0,0,0
306,0,1,1,no,2,0,7.0,1,52.5,55.0,0.333,14.0,70.0,0.625,55.0,7.9,1600.0,57.5,34.44,3.0,0.8,40.0,45.0,93.75,0,0,1
307,0,1,1,yes,2,0,2.0,1,52.5,55.0,0.433,14.0,80.0,0.7243334970530452,55.0,9.9,1600.0,49.5,40.6,3.0,0.5,40.0,45.0,93.75,0,0,1
308,1,0,0,yes,3,2,1.0,1,35.0,72.0,0.367,15.2,72.0,1.0,36.0,10.3239852398524,2200.0,65.2,34.8,2.5,1.0,30.0,40.0,93.6,1,3,0
309,1,0,0,no,3,2,1.0,1,35.0,56.0,0.267,15.0,70.0,1.0,33.0,10.3239852398524,2350.0,65.2,34.8,2.5,1.0,30.0,40.0,93.75,1,3,0
310,1,0,0,no,3,3,2.0,1,45.0360824742268,46.0,0.27585742187499995,16.0,72.0,0.5,32.0,10.3239852398524,1673.0,58.8,41.2,2.5,1.5,30.0,39.056390977443606,103.03279135338346,1,1,1
311,1,0,0,no,3,2,1.0,1,40.0,60.0,0.2,15.5,73.0,0.75,28.0,10.3239852398524,1850.0,65.2,34.8,2.8,1.0,30.0,40.0,100.0,1,2,0
312,0,1,1,no,2,0,7.0,2,60.0,50.0,0.233,14.5,70.0,0.75,45.0,15.6,1650.0,45.8,38.5,2.5,1.0,40.0,40.0,100.0,0,1,2
313,0,1,1,no,3,3,2.0,2,60.0,50.0,0.267,14.9,88.0,0.375,32.0,10.3,1700.0,51.5,38.1,3.0,1.3,40.0,40.0,103.3,0,1,2
314,0,1,1,no,2,0,2.0,2,60.0,50.0,0.3,14.5,60.0,0.75,40.0,19.0,1650.0,47.6,33.3,2.5,1.0,40.0,40.0,103.3,0,1,2
315,0,1,1,no,3,3,9.0,2,65.0,50.0,0.267,15.0,86.0,0.25,28.0,10.5,1700.0,52.6,36.8,2.5,0.6,40.0,40.0,103.3,0,1,2
316,0,1,1,yes,0,1,5.0,2,55.0,47.0,0.367,13.0,70.0,0.7243334970530452,30.907563025210084,14.1,1600.0,50.5,35.3,2.5,0.5,40.0,35.0,106.25,0,0,1
317,0,1,1,yes,0,1,1.0,2,65.0,47.0,0.367,12.0,68.0,0.7243334970530452,30.907563025210084,10.3239852398524,1600.0,58.8,41.2,2.8,0.8,40.0,35.0,106.25,0,0,2
318,0,0,0,yes,0,1,10.0,2,55.0,47.0,0.233,15.5,74.0,0.7243334970530452,30.907563025210084,10.3239852398524,1600.0,62.5,37.5,2.5,1.0,40.0,35.0,106.25,0,0,1
319,0,0,0,yes,0,1,9.0,2,55.0,47.0,0.2,14.0,71.0,0.7243334970530452,30.907563025210084,10.3239852398524,1600.0,62.5,37.5,2.5,0.7,40.0,40.0,90.3,0,0,1
320,0,1,1,yes,3,3,9.0,2,65.0,60.0,0.267,14.5,80.0,0.25,38.0,15.8,1900.0,49.5,34.6,2.9,0.7,40.0,40.0,103.3,0,2,2
321,0,1,1,yes,3,3,2.0,2,60.0,60.0,0.267,14.0,76.0,0.375,30.0,10.3,1900.0,51.5,38.1,2.6,1.1,40.0,40.0,103.3,0,2,2
322,1,0,0,no,3,2,1.0,1,40.0,49.0,0.267,14.0,82.0,0.625,30.0,10.3239852398524,2150.0,65.2,34.8,2.5,0.9,30.0,40.0,93.75,1,3,0
323,1,1,0,no,3,2,1.0,2,55.0,50.0,0.133,14.0,80.0,0.625,32.0,8.0,2000.0,60.0,32.0,2.5,0.9,35.0,40.0,93.55,1,2,1
324,1,1,0,yes,3,2,1.0,2,55.0,48.0,0.367,14.5,76.0,0.5,30.0,8.0,2000.0,60.0,32.0,2.5,1.0,35.0,40.0,93.55,1,2,1
325,0,1,1,no,1,4,7.0,2,55.0,50.0,0.267,17.0,89.0,1.0,22.0,10.4,1650.0,52.1,37.5,2.5,1.1,34.0,40.0,93.55,1,1,1
326,1,1,1,yes,3,3,2.0,3,55.0,50.0,0.2,17.0,78.0,0.25,32.0,9.7,1900.0,52.2,38.1,3.0,0.9,35.0,40.0,96.97,1,2,1
327,1,0,0,yes,1,5,2.0,1,42.5,48.0,0.2,16.0,70.0,0.8125,35.0,10.3239852398524,2050.0,66.7,33.3,1.7,1.0,30.0,40.0,93.55,0,3,0
328,1,0,0,no,1,5,9.0,1,42.5,48.0,0.2,15.0,76.0,0.875,30.0,3.6,2050.0,60.2,36.2,2.5,1.0,30.0,40.0,93.55,0,3,0
329,1,0,0,no,1,6,9.0,3,35.0,48.0,0.233,14.5,76.0,0.75,20.0,10.3239852398524,2225.0,62.5,37.5,2.7,1.2,33.0,40.0,106.25,0,3,0
330,1,0,0,no,1,6,2.0,3,35.0,48.0,0.3,14.5,74.0,0.75,20.0,10.3239852398524,2225.0,62.5,37.5,2.0,1.2,33.0,40.0,106.25,0,3,0
331,1,0,0,yes,3,2,9.0,1,30.0,48.0,0.233,15.0,88.0,0.75,35.0,7.7,1826.8125,57.7,34.6,2.8,0.8,30.0,40.0,100.0,0,2,0
332,0,1,1,no,1,4,2.0,2,47.5,49.0,0.433,14.5,88.0,0.625,25.0,34.5,2000.0,43.5,22.0,2.5,0.7,40.0,40.0,96.97,0,2,1
333,0,1,1,yes,0,1,1.0,2,60.0,48.0,0.367,14.0,76.0,1.0,30.907563025210084,5.6,1600.0,55.6,38.8,2.5,0.7,40.0,40.0,96.97,0,0,2
334,0,1,1,yes,0,1,5.0,2,60.0,48.0,0.4,16.0,72.0,1.0,30.907563025210084,15.2,1600.0,44.6,40.2,2.1,0.7,40.0,40.0,96.97,0,0,2
335,1,1,1,no,3,3,9.0,2,47.5,52.0,0.3,15.2,76.0,0.75,30.0,17.5,1700.0,48.7,33.8,2.5,0.8,35.0,40.0,114.3,1,1,1
336,0,1,1,yes,2,0,7.0,2,42.5,52.0,0.333,16.8,80.0,0.625,40.0,10.3239852398524,1700.0,54.3,45.7,3.0,1.0,34.0,40.0,107.4,0,1,0
337,1,1,1,yes,3,2,9.0,3,47.5,53.0,0.3,15.0,72.0,0.75,25.0,22.0,1500.0,45.9,32.1,2.5,0.8,35.0,40.0,114.3,1,0,1
338,1,1,1,yes,3,2,2.0,3,47.5,58.0,0.333,14.0,85.0,0.75,28.0,16.5,1800.0,48.5,35.0,2.5,0.5,35.0,40.0,114.3,1,1,1
339,1,1,1,yes,3,3,2.0,3,55.0,48.0,0.233,18.0,76.0,0.25,24.0,10.0,1600.0,60.0,30.0,3.0,0.9,35.0,40.0,93.55,1,0,1
340,1,0,0,yes,1,4,7.0,1,30.0,52.0,0.333,16.5,80.0,0.625,40.0,10.3239852398524,1800.0,58.1,41.9,2.5,0.4,35.0,40.0,107.4,1,1,0
341,0,1,1,no,2,0,2.0,2,42.5,52.0,0.233,18.0,70.0,0.625,45.0,10.3239852398524,1700.0,58.8,41.2,3.0,0.7,34.0,40.0,103.125,0,1,0
342,0,1,1,yes,1,4,7.0,2,47.5,54.0,0.3,14.0,65.0,0.625,25.0,16.1,1500.0,44.6,39.3,2.5,1.0,34.0,40.0,114.29,1,0,1
343,0,1,1,yes,2,0,7.0,3,60.0,46.0,0.333,15.35979515828678,80.0,0.625,50.0,12.4,1391.0,51.5,36.1,2.7,1.0,38.5,40.0,114.29,0,0,2
344,0,1,1,yes,2,0,2.0,3,60.0,46.0,0.333,15.35979515828678,70.0,0.625,50.0,19.0,1391.0,47.6,33.3,2.7,0.7,38.5,40.0,114.29,0,0,2
345,1,0,1,yes,3,3,9.0,2,35.0,50.0,0.3,14.0,74.0,0.25,28.0,10.3239852398524,2500.0,58.8,41.2,2.5,0.7,30.0,40.0,114.29,0,3,0
346,1,0,1,yes,3,3,2.0,2,40.0,50.0,0.3,13.0,74.0,0.25,25.0,10.3239852398524,2500.0,58.8,41.2,2.5,0.5,30.0,40.0,114.29,0,3,0
347,1,0,0,no,1,6,2.0,1,30.0,53.0,0.333,14.0,85.0,0.75,30.0,15.0,2290.0,50.0,35.0,2.0,1.5,33.0,40.0,110.7,0,3,0
348,1,0,0,no,1,6,9.0,1,30.0,53.0,0.3,15.0,80.0,0.75,30.0,15.0,2290.0,50.0,35.0,2.5,1.0,33.0,40.0,110.7,0,3,0
349,1,0,0,yes,1,5,2.0,1,30.0,54.0,0.333,16.3,80.0,0.8125,30.0,10.3239852398524,2100.0,60.0,40.0,2.5,1.2,30.0,40.0,114.29,0,3,0
350,1,0,0,yes,1,5,9.0,1,30.0,54.0,0.27585742187499995,14.9,72.0,1.25,30.0,3.6,2100.0,60.2,36.1,2.5,1.2,30.0,40.0,114.29,0,3,0
351,1,0,0,yes,3,3,9.0,2,35.0,43.0,0.367,13.0,75.0,0.75,30.907563025210084,10.3239852398524,2000.0,62.5,37.5,2.5,1.1,30.0,40.0,100.0,1,2,0
352,0,1,1,yes,1,4,7.0,2,52.5,43.0,0.267,15.0,71.0,0.75,28.0,7.4,1500.0,53.2,39.4,2.5,1.0,34.0,40.0,98.3,1,0,1
353,0,1,1,no,1,7,2.0,2,65.0,43.0,0.2,16.0,78.0,0.75,30.0,12.0,2100.0,46.3,41.7,2.0,1.0,40.0,40.0,100.0,1,3,2
354,0,1,1,no,1,7,9.0,2,65.0,42.0,0.233,17.5,100.0,1.125,25.0,17.5,2250.0,48.5,34.0,2.5,1.0,40.0,40.0,100.0,0,3,2
355,0,1,1,no,1,7,2.0,2,65.0,42.0,0.2,17.0,80.0,1.0,22.0,15.0,2250.0,50.0,35.0,2.5,1.0,40.0,40.0,100.0,0,3,2
356,1,0,0,yes,3,2,9.0,1,37.5,43.0,0.2,16.0,76.0,0.9375,30.907563025210084,10.3239852398524,2180.0,62.5,37.5,2.9,1.2,33.0,40.0,96.77,1,3,0
357,1,0,0,yes,3,2,2.0,1,45.0360824742268,42.0,0.27585742187499995,16.1,73.0,0.625,30.0,10.3239852398524,2000.0,61.9,38.1,2.8,1.0,30.0,39.056390977443606,103.03279135338346,1,2,1
358,1,0,0,yes,3,3,9.0,2,35.0,43.0,0.367,13.0,75.0,0.75,30.907563025210084,10.3239852398524,2000.0,62.5,37.5,2.5,1.1,30.0,40.0,100.0,1,2,0
359,1,0,0,yes,3,3,9.0,2,35.0,42.0,0.3,15.9,78.0,0.375,32.0,10.3239852398524,2150.0,62.5,37.5,1.7,0.9,30.0,40.0,101.67,1,3,0
360,1,0,0,no,3,2,2.0,1,40.0,43.0,0.233,15.5,85.0,0.75,25.0,4.7,2000.0,58.1,37.2,2.5,1.0,33.0,40.0,96.77,1,2,0
361,1,0,0,yes,3,2,2.0,1,40.0,43.0,0.267,17.2,78.0,0.9375,30.907563025210084,1.0,2180.0,58.3,40.7,2.4,0.8,33.0,40.0,96.77,1,3,0
362,0,1,1,yes,1,4,7.0,2,50.0,43.0,0.267,17.0,72.0,0.625,30.0,14.3,1600.0,47.6,38.1,2.5,1.0,34.0,40.0,96.77,1,0,1
363,0,1,1,no,1,4,7.0,2,50.0,42.0,0.2,17.0,73.0,0.4375,20.0,18.5,1800.0,46.3,35.1,2.5,1.0,34.0,40.0,100.0,1,1,1
364,0,1,1,yes,2,0,2.0,1,40.0,43.0,0.2,13.5,76.0,0.75,52.0,4.4,1726.0,55.0,40.6,3.0,1.0,40.0,40.0,96.77,0,1,0
365,1,1,0,yes,3,3,9.0,2,40.0,43.0,0.267,16.4,79.0,0.3125,35.0,0.5,2400.0,59.5,40.0,2.6,1.1,35.0,40.0,96.77,0,3,0
366,1,1,0,no,3,3,9.0,2,40.0,51.0,0.233,15.0,70.0,0.25,24.0,0.5,1826.8125,59.5,40.0,3.0,1.0,35.0,40.0,100.0,1,2,0
367,1,0,0,no,3,2,1.0,1,32.5,43.0,0.2,13.0,80.0,0.75,28.0,10.3239852398524,1500.0,62.5,37.5,2.4375238095238094,1.0026717557251907,30.0,40.0,100.0,1,0,0
368,1,1,0,yes,3,3,2.0,2,40.0,43.0,0.233,15.6,81.0,0.5,34.0,10.3239852398524,2400.0,62.5,37.5,2.4375238095238094,0.9,35.0,40.0,96.77,0,3,0
369,1,1,0,yes,3,3,7.0,2,37.5,43.0,0.2,15.8,80.0,0.5,32.0,10.3239852398524,2400.0,62.5,37.5,2.5,0.9,35.0,40.0,96.77,0,3,0
370,1,0,0,yes,1,6,2.0,1,45.0,42.0,0.267,14.9,75.0,1.0,25.0,10.5,1660.0,52.6,36.9,2.5,1.0,30.0,40.0,101.67,0,1,0
371,1,0,0,yes,1,6,9.0,1,45.0,42.0,0.2,14.0,80.0,0.7243334970530452,20.0,7.6,1826.8125,54.3,38.1,2.4375238095238094,1.0026717557251907,30.0,40.0,101.67,0,2,0
372,1,1,0,no,1,7,2.0,2,45.0,43.0,0.2,16.0,80.0,0.75,30.0,3.1,2200.0,51.0,45.9,2.5,1.3,35.0,40.0,103.33,0,3,0
373,1,1,0,no,1,7,9.0,2,50.0,43.0,0.2,15.5,72.0,0.75,30.0,5.1,2200.0,50.6,44.3,2.5,1.3,35.0,40.0,96.77,0,3,1
374,0,1,1,no,2,0,7.0,2,40.0,45.0,0.233,13.6,90.0,0.75,45.0,10.3239852398524,1386.0,62.5,37.5,3.0,0.7,40.0,40.0,96.77,1,0,0
375,0,1,1,no,2,0,7.0,2,40.0,42.0,0.2,15.0,65.0,0.75,55.0,10.3239852398524,1650.0,62.5,37.5,2.5,1.0,40.0,40.0,96.77,1,1,0
376,0,1,1,no,1,4,7.0,2,50.0,43.0,0.267,14.0,74.0,0.625,20.0,2.2,1800.0,56.2,41.6,3.0,1.0,38.0,40.0,96.875,1,1,1
377,1,0,0,yes,3,2,9.0,1,50.0,47.0,0.2,16.2,74.0,0.75,28.0,10.8,2000.0,53.4,35.8,2.5,1.3,30.0,40.0,100.0,1,2,1
378,1,0,0,yes,3,2,2.0,1,50.0,47.0,0.267,16.0,92.0,0.75,35.0,10.3239852398524,1800.0,68.0,32.0,2.6,1.2,30.0,40.0,100.0,1,1,1
379,1,0,0,yes,3,3,1.0,1,32.5,47.0,0.267,16.1,88.0,0.3125,28.0,10.3239852398524,2189.0,62.5,37.5,2.4,0.8,30.0,40.0,100.0,0,3,0
380,1,0,0,yes,3,3,2.0,1,32.5,47.0,0.2,20.0,79.0,0.3125,29.0,10.3239852398524,2189.0,58.1,41.9,2.5,1.25,30.0,40.0,100.0,0,3,0
381,1,1,0,yes,3,3,2.0,2,70.0,43.0,0.3,18.1,78.0,0.5,28.0,14.4,2125.0,48.1,37.5,3.0,0.9,33.0,40.0,100.0,0,3,2
382,1,1,0,yes,3,3,9.0,2,70.0,43.0,0.233,16.0,77.0,0.8175,28.0,15.9,2125.0,46.5,37.6,1.75,0.6,33.0,40.0,100.0,0,3,2
383,1,0,0,yes,3,3,9.0,1,40.0,47.0,0.2,16.53,78.0,0.8125,24.0,10.3239852398524,2189.0,58.8,41.2,2.0,0.8,30.0,40.0,100.0,0,3,0
384,1,0,0,yes,3,2,2.0,1,32.5,45.0,0.233,14.0,94.0,0.625,25.0,10.3239852398524,1800.0,66.7,33.3,2.1,1.0,30.0,40.0,100.0,1,1,0
385,1,0,0,no,3,2,1.0,1,40.0,47.0,0.267,15.0,88.0,0.5,34.0,10.3239852398524,1700.0,62.5,37.5,2.4375238095238094,1.0026717557251907,30.0,40.0,100.0,1,1,0
386,0,1,1,yes,2,0,2.0,2,40.0,46.0,0.3,15.0,70.0,0.75,50.0,10.3239852398524,1800.0,53.9,46.1,2.5,1.0,40.0,40.0,100.0,1,1,0
387,0,1,1,no,2,0,7.0,2,40.0,50.0,0.233,14.0,70.0,0.75,45.0,10.3239852398524,1800.0,60.2,39.8,2.5,1.0,40.0,40.0,100.0,1,1,0
388,0,1,1,no,1,4,2.0,2,45.0,41.0,0.2,15.0,78.0,0.75,20.0,14.6,1800.0,48.5,36.9,2.5,1.0,34.0,40.0,100.0,0,1,0
389,1,1,0,yes,1,6,2.0,2,45.0,42.0,0.2,14.0,75.0,1.0,20.0,11.2,1800.0,51.0,37.8,2.5,1.0,35.0,40.0,100.0,0,1,0
390,1,1,0,yes,1,6,9.0,2,45.0,42.0,0.333,14.0,75.0,1.0,20.0,10.3239852398524,1800.0,58.9,41.1,3.0,2.0,35.0,40.0,100.0,0,1,0
391,1,1,0,yes,1,7,2.0,0,45.0,41.0,0.333,15.8,78.0,1.0,40.0,10.3239852398524,2300.0,62.5,37.5,2.5,1.4,35.0,40.0,100.0,0,3,0
392,1,1,0,yes,1,7,9.0,0,45.0,41.0,0.2,14.6,74.0,1.0,32.0,21.0,2300.0,47.6,31.4,2.5,1.1,35.0,40.0,96.77,0,3,0
393,0,1,1,yes,1,4,7.0,2,45.0,42.0,0.4,14.8,72.0,0.625,20.0,10.3239852398524,1800.0,58.8,41.2,2.5,0.9,34.0,40.0,106.25,0,1,0
394,0,1,1,yes,3,2,9.0,3,50.0,42.0,0.267,16.0,88.0,0.75,33.0,11.5,1650.0,52.1,36.4,2.5,1.0,38.0,40.0,106.25,0,1,1
395,0,1,1,no,3,2,2.0,3,50.0,42.0,0.3,17.0,88.0,0.75,30.0,10.3239852398524,1600.0,62.5,27.5,2.6,1.0,38.0,40.0,106.25,1,0,1
396,0,1,2,yes,3,2,2.0,3,50.0,42.0,0.233,15.0,90.0,1.0,35.0,10.3239852398524,1650.0,55.5,44.5,2.5,1.0,38.0,40.0,100.0,1,1,1
397,0,1,1,yes,1,4,2.0,2,50.0,42.0,0.367,15.5,73.0,0.625,20.0,3.6,1800.0,60.2,36.2,2.5,0.9,34.0,40.0,106.25,0,1,1
398,0,1,2,yes,3,2,2.0,2,45.0,43.0,0.3,20.0,84.0,0.625,33.0,10.3239852398524,1200.0,55.63853305785125,38.56764462809917,2.5,0.5,40.0,40.0,106.25,1,0,0
399,1,0,1,no,1,5,2.0,1,45.0,42.0,0.3,15.0,70.0,0.8125,40.0,10.3239852398524,1500.0,58.8,41.2,2.0,1.0,30.0,40.0,100.0,1,0,0
400,0,1,1,yes,3,3,9.0,2,40.0,42.0,0.2,12.7,84.0,0.5,32.0,10.3239852398524,1750.0,62.5,37.5,2.5,0.9,40.0,40.0,100.0,0,1,0
401,0,1,1,yes,1,4,7.0,2,40.0,42.0,0.333,15.5,64.0,0.625,20.0,10.5,1550.0,52.6,36.9,2.0,0.6,40.0,40.0,106.25,0,0,0
402,0,1,1,yes,1,4,2.0,2,40.0,42.0,0.333,16.0,78.0,0.625,20.0,10.3239852398524,1550.0,62.5,37.5,2.5,1.0,40.0,40.0,106.25,0,0,0
403,1,1,0,no,2,0,2.0,2,32.0,42.0,0.233,16.0,70.0,0.625,46.0,10.3239852398524,1350.0,60.2,39.8,3.0,1.0,34.0,40.0,100.0,0,0,0
404,1,1,0,no,2,0,7.0,2,32.0,42.0,0.233,16.0,70.0,0.625,48.0,10.3239852398524,1350.0,63.9,36.1,3.0,1.0,34.0,40.0,100.0,0,0,0
405,0,1,1,yes,1,4,7.0,2,67.5,50.0,0.167,16.5,73.0,0.875,20.0,18.1,1800.0,47.6,34.3,2.5,0.8,34.0,40.0,110.71,1,1,2
406,0,1,1,yes,3,2,9.0,1,45.0,60.0,0.3,16.0,88.0,0.75,33.0,10.3239852398524,1500.0,56.8,43.2,2.9,1.1,40.0,40.0,103.22,1,0,0
407,0,1,2,no,3,3,2.0,2,42.0,42.0,0.267,14.5,78.0,1.0,28.0,10.3239852398524,1800.0,61.7,38.3,2.5,2.0,40.0,40.0,100.0,1,1,0
408,0,1,2,no,3,2,2.0,1,45.0,40.0,0.3,16.0,89.0,0.625,22.0,10.3239852398524,1300.0,60.0,40.0,2.5,1.0,40.0,40.0,106.45,1,0,0
409,0,1,2,no,3,2,2.0,1,45.0,42.0,0.267,14.0,89.0,0.75,26.0,10.3239852398524,1450.0,58.8,41.2,2.5,1.0,40.0,40.0,103.22,1,0,0
410,0,1,1,no,3,2,9.0,2,40.0,54.0,0.3,14.8,87.0,0.7243334970530452,29.0,10.3239852398524,1000.0,58.8,41.2,2.9,1.0,40.0,40.0,106.45,1,0,0
411,0,1,1,no,3,2,9.0,1,45.0,42.0,0.367,16.0,83.0,0.625,30.0,10.3239852398524,1950.0,58.8,41.2,2.5,1.0,40.0,40.0,106.45,1,2,0
412,0,1,1,no,2,0,2.0,2,45.0,41.0,0.267,13.3,70.0,0.75,50.0,10.3239852398524,1700.0,60.2,39.8,3.0,0.8,38.0,40.0,117.85,0,1,0
413,0,1,1,no,2,0,7.0,2,45.0,41.0,0.267,13.3,70.0,0.75,50.0,10.3239852398524,1700.0,63.9,36.1,3.0,0.7,38.0,40.0,117.85,0,1,0
414,0,1,1,no,3,3,9.0,2,35.0,42.0,0.2,15.5,80.0,1.0,26.0,10.3239852398524,1800.0,62.5,37.5,2.5,2.0,40.0,40.0,100.0,0,1,0
415,0,1,1,yes,1,4,2.0,2,65.0,50.0,0.2,15.1,75.0,0.625,20.0,19.0,1800.0,47.6,33.4,2.7,0.6,34.0,40.0,110.71,0,1,2
416,0,1,1,yes,1,4,7.0,2,55.0,40.0,0.3,15.1,69.0,0.625,20.0,19.5,1450.0,44.2,36.3,2.5,0.9,34.0,40.0,106.45,0,0,1
417,0,1,1,yes,3,2,2.0,2,62.0,52.0,0.433,15.0,78.0,0.75,28.0,5.9,1400.0,58.8,35.3,2.5,0.8,40.0,40.0,103.22,1,0,2
418,1,0,0,yes,3,3,2.0,1,37.5,42.0,0.2,16.0,70.0,0.375,28.0,10.3239852398524,2400.0,58.8,41.2,3.0,0.8,30.0,40.0,106.45,1,3,0
419,0,1,1,yes,3,2,2.0,2,40.0,54.0,0.267,22.2,77.0,0.625,32.0,6.25,1000.0,56.25,37.5,3.0,1.2,40.0,40.0,106.45,1,0,0
420,1,0,0,yes,3,3,9.0,1,37.5,40.0,0.2,14.0,80.0,0.25,24.0,10.3239852398524,2400.0,58.8,41.2,2.5,0.8,30.0,40.0,106.45,0,3,0
421,1,0,0,yes,3,3,2.0,1,37.5,50.0,0.27585742187499995,15.5,95.0,0.625,26.0,10.3239852398524,2350.0,62.5,37.5,2.6,0.6,30.0,40.0,106.45,0,3,0
422,1,0,0,yes,3,3,2.0,1,37.5,41.0,0.27585742187499995,15.0,80.0,0.5,30.0,10.3239852398524,2398.0,58.8,41.2,2.5,0.7,30.0,40.0,106.45,0,3,0
423,1,0,0,yes,1,6,9.0,1,50.0,40.0,0.3,15.0,72.0,0.75,30.0,10.3239852398524,2233.0,58.8,41.2,1.5,1.0,33.0,40.0,106.45,0,3,1
424,1,0,0,yes,1,6,2.0,1,50.0,40.0,0.233,15.0,88.0,0.75,30.0,10.3239852398524,2233.0,58.8,41.2,3.0,1.0,33.0,40.0,106.45,0,3,1
425,1,0,0,yes,1,7,2.0,1,45.0,41.0,0.2,16.1,74.0,1.0,30.0,10.3239852398524,1800.0,62.5,37.5,2.5,1.2,30.0,40.0,106.45,0,1,0
426,1,0,0,yes,1,7,9.0,1,50.0,41.0,0.2,15.7,80.0,1.0,43.0,10.3239852398524,1800.0,62.5,37.5,2.5,1.5,30.0,40.0,106.45,0,1,1
427,1,0,0,yes,1,5,2.0,1,30.0,41.0,0.333,15.5,74.0,0.8125,30.0,2.5,1900.0,58.0,39.5,1.9,1.3,30.0,40.0,114.28,0,2,0
428,0,1,1,yes,3,2,2.0,2,40.0,41.0,0.267,15.5,76.0,0.75,28.0,3.6,1750.0,60.2,36.1,3.0,1.0,40.0,40.0,117.85,0,1,0
429,0,1,1,yes,1,4,2.0,2,52.0,52.0,0.267,16.0,78.0,0.75,30.0,14.1,1250.0,50.5,53.4,3.0,0.9,34.0,40.0,103.22,1,0,1
430,0,1,1,no,2,0,7.0,2,45.0,62.0,0.233,15.0,76.0,0.75,50.0,10.3239852398524,1500.0,58.8,41.2,3.0,1.2,38.0,40.0,103.225,1,0,0
431,1,0,0,no,1,5,2.0,2,40.0,58.0,0.2,17.0,75.0,0.05625,30.0,10.3239852398524,1900.0,58.8,41.2,2.6,1.4,30.0,40.0,103.225,1,2,0
432,0,1,1,yes,2,0,7.0,2,60.0,60.0,0.233,15.0,80.0,0.75,56.0,14.3,1380.0,47.6,38.1,3.0,1.0,38.0,40.0,106.4,0,0,2
433,1,1,0,yes,3,3,9.0,2,47.5,65.0,0.2,14.0,80.0,0.5,27.0,11.5,1725.0,52.1,36.4,3.0,0.9,34.0,40.0,103.125,0,1,1
434,1,1,0,no,3,3,2.0,2,40.0,58.0,0.2,15.5,84.0,0.375,25.0,9.0,2000.0,52.8,38.2,3.0,1.1,35.0,40.0,103.125,0,2,0
435,1,1,0,yes,3,3,9.0,2,40.0,58.0,0.267,15.0,80.0,0.1875,30.907563025210084,3.2,2000.0,53.8,43.0,2.5,1.0,35.0,40.0,103.125,0,2,0
436,1,1,0,yes,3,3,2.0,2,47.5,65.0,0.2,15.7,87.0,0.25,30.907563025210084,5.6,1725.0,55.6,38.9,3.0,0.85,34.0,40.0,103.125,0,1,1
437,1,0,0,yes,3,3,9.0,2,40.0,62.0,0.2,13.7,91.0,0.375,32.0,5.6,2300.0,55.6,38.9,2.5,1.0,33.0,40.0,100.0,0,3,0
438,1,0,0,yes,3,3,2.0,2,40.0,62.0,0.2,14.9,80.0,0.5,28.0,3.4,2303.0,56.8,39.8,2.5,0.6,33.0,40.0,100.0,0,3,0
439,1,0,0,yes,1,4,2.0,2,45.0,58.0,0.2,15.0,75.0,0.625,20.0,10.5,2100.0,52.6,36.8,2.5,0.7,33.0,40.0,103.125,0,3,0
440,1,0,0,yes,1,4,7.0,2,45.0,58.0,0.2,15.0,72.0,0.625,25.0,10.5,2100.0,52.6,36.8,2.5,0.8,33.0,40.0,103.125,0,3,0
441,0,1,1,yes,1,4,7.0,2,42.0,58.0,0.233,16.0,78.0,0.5,25.0,10.3239852398524,1800.0,58.8,41.2,2.5,1.0,34.0,40.0,103.125,0,1,0
442,1,1,0,yes,2,0,2.0,2,27.5,41.0,0.267,17.58,80.0,0.75,50.0,3.4,1490.0,56.8,39.8,3.0,1.0,35.0,40.0,103.125,0,0,0
443,1,1,0,yes,2,0,7.0,2,35.0,41.0,0.267,16.66,78.0,0.75,50.0,7.6,1490.0,54.3,38.0,3.0,1.0,35.0,40.0,106.7,0,0,0
444,0,1,1,yes,2,0,2.0,2,60.0,60.0,0.2,15.0,80.0,0.75,50.0,10.4,1380.0,47.2,42.5,3.0,1.0,38.0,40.0,106.5,0,0,2
445,1,1,0,yes,2,0,2.0,2,40.0,60.0,0.2,15.0,80.0,0.625,50.0,10.3239852398524,1400.0,58.8,41.2,3.0,0.6,34.0,40.0,103.1,0,0,0
446,1,1,0,yes,2,0,7.0,2,45.0360824742268,60.0,0.2,15.0,80.0,0.625,50.0,6.6,1400.0,54.9,38.5,3.0,1.1,34.0,40.0,103.1,0,0,1
447,0,1,1,yes,2,0,2.0,2,45.0,58.0,0.2,17.0,72.0,0.75,30.907563025210084,3.2,1470.0,53.8,43.0,3.0,1.0,34.0,40.0,100.0,0,0,0
448,1,0,0,no,1,5,2.0,2,40.0,62.0,0.3,16.1,82.0,0.812,30.0,5.7,1800.0,56.8,37.5,0.7,0.5,30.0,40.0,106.5,0,1,0
449,1,0,0,no,1,5,9.0,2,40.0,62.0,0.233,16.1,78.0,0.5625,25.0,5.5,1800.0,55.0,39.5,1.6,1.5,30.0,40.0,103.23,0,1,0
450,1,0,0,yes,1,5,9.0,2,45.0,57.0,0.233,15.0,88.0,0.5625,30.0,10.4,1900.0,52.1,37.5,2.5,1.8,30.0,40.0,100.0,0,2,0
451,1,0,0,yes,1,5,2.0,2,40.0,59.0,0.3,16.4,85.0,0.8125,30.0,10.3239852398524,1900.0,58.8,41.2,2.0,0.8,30.0,40.0,96.88,0,2,0
452,1,0,0,yes,1,7,2.0,2,35.0,59.0,0.2,16.1,82.0,0.7243334970530452,28.0,10.3239852398524,2500.0,58.8,41.2,2.5,1.3,30.0,40.0,100.0,0,3,0
453,1,0,0,yes,1,7,9.0,2,35.0,59.0,0.2,16.1,84.0,0.7243334970530452,30.0,10.3239852398524,2500.0,55.0,45.0,2.5,1.1,30.0,40.0,100.0,0,3,0
454,1,0,0,yes,3,3,2.0,2,42.5,47.0,0.2,16.2,78.0,0.75,30.0,10.3239852398524,2100.0,56.2,43.8,2.5,1.2,33.0,40.0,110.0,1,3,0
455,0,1,1,no,3,2,2.0,2,40.0,68.0,0.2,14.8,90.0,1.0,30.0,10.3239852398524,1440.0,58.8,41.2,2.5,1.0,40.0,40.0,103.13,1,0,0
456,1,1,0,yes,3,3,2.0,2,40.0,60.0,0.2,15.0,85.0,1.0,25.0,6.9,2100.0,54.0,39.1,2.5,1.2,35.0,40.0,103.13,1,3,0
457,0,1,1,yes,3,3,2.0,2,50.0,65.0,0.27585742187499995,16.0,80.0,0.5,28.0,12.5,1550.0,50.0,37.5,2.5,1.5,34.0,40.0,106.45,1,0,1
458,0,1,1,no,3,3,9.0,2,50.0,60.0,0.267,16.0,78.0,0.5,28.0,4.5,1520.0,53.0,42.0,2.5,1.5,34.0,40.0,106.2,1,0,1
459,1,0,0,yes,3,2,2.0,2,40.0,63.0,0.233,15.8,80.0,0.75,30.0,10.5,2000.0,52.6,36.9,3.0,1.0,33.0,40.0,109.7,1,2,0
460,1,0,0,yes,3,2,9.0,2,40.0,60.0,0.2,14.5,85.0,1.0,35.0,10.3239852398524,1250.0,58.8,41.2,1.5,1.0,30.0,40.0,100.0,1,0,0
461,1,1,0,yes,3,2,2.0,2,40.0,69.0,0.2,14.5,76.0,0.625,22.0,10.3239852398524,1250.0,58.8,41.2,2.5,1.0,35.0,40.0,100.0,1,0,0
462,1,0,0,no,3,2,2.0,2,45.0,61.0,0.2,14.0,98.0,0.75,30.0,10.3239852398524,1600.0,58.8,41.2,2.4,0.9,30.0,40.0,100.0,1,0,0
463,1,1,0,no,3,3,9.0,2,55.0,61.0,0.283,21.0,78.0,1.0,28.0,10.3239852398524,1500.0,58.8,41.2,2.5,0.7,35.0,40.0,100.0,1,0,1
464,1,0,0,yes,3,3,9.0,2,42.5,52.0,0.2,16.0,82.0,0.75,30.0,10.3239852398524,2150.0,58.8,41.2,2.5,1.0,33.0,40.0,110.0,1,3,0
465,0,1,2,no,3,3,2.0,2,50.0,47.0,0.2,15.0,80.0,0.625,28.0,10.3239852398524,1750.0,59.0,41.0,1.0,1.0,38.0,40.0,91.89,1,1,1
466,0,1,1,yes,3,3,2.0,2,45.0360824742268,44.0,0.2,14.3,78.0,0.25,32.0,10.3239852398524,1650.0,56.8,43.2,2.5,2.5,40.0,40.0,100.0,1,1,1
467,1,1,1,yes,3,3,2.0,2,45.0360824742268,43.0,0.2,15.2,78.0,0.75,32.0,8.2,1500.0,51.0,40.8,2.7,1.8,40.0,40.0,106.25,1,0,1
468,0,1,1,yes,3,3,2.0,2,55.0,44.0,0.2,15.0,70.0,0.625,28.0,8.2,1700.0,51.0,40.8,2.5,2.0,40.0,40.0,100.0,1,1,1
469,1,0,0,yes,3,3,2.0,2,40.0,38.0,0.27585742187499995,16.5,85.0,0.625,30.0,4.3,1900.0,53.2,42.5,3.0,1.0,30.0,40.0,103.13,1,2,0
470,1,0,0,yes,3,3,2.0,2,40.0,40.0,0.27585742187499995,15.7,85.0,0.3125,27.0,4.3,2050.0,53.2,42.5,2.5,1.5,30.0,40.0,103.13,1,3,0
471,1,0,0,yes,3,3,2.0,2,40.0,40.0,0.3,14.9,75.0,0.625,28.0,4.3,2000.0,53.2,42.5,2.5,1.5,30.0,40.0,117.86,1,2,0
472,0,1,1,yes,1,4,7.0,2,40.0,47.0,0.2,14.5,85.0,0.75,25.0,10.5,1850.0,52.6,36.9,2.4375238095238094,1.0026717557251907,34.0,40.0,110.0,1,2,0
473,1,0,0,yes,1,4,2.0,2,40.0,49.0,0.3,17.0,75.0,0.625,30.0,10.3239852398524,1600.0,58.8,41.2,2.5,0.65,33.0,40.0,109.6,1,0,0
474,0,1,1,yes,2,0,7.0,2,47.5,58.0,0.217,13.1,70.0,0.7243334970530452,55.0,10.0,1660.0,50.0,40.0,2.9,1.0,34.0,40.0,96.88,1,1,1
475,0,1,2,yes,3,3,2.0,2,50.0,40.0,0.2,15.2,78.0,1.0,24.0,10.3239852398524,1850.0,58.8,41.2,2.9,1.1,40.0,40.0,103.13,1,2,1
476,0,1,1,no,2,0,2.0,2,40.0,65.0,0.2,15.0,80.0,0.625,50.0,10.4,1640.0,47.2,42.4,3.0,1.5,32.0,40.0,103.13,1,1,0
477,1,0,0,yes,1,5,2.0,2,30.0,50.949438202247194,0.3,17.0,78.0,0.8125,30.0,10.3239852398524,1700.0,58.8,41.2,2.5,1.2,30.0,40.0,106.25,1,1,0
478,0,0,0,yes,1,5,9.0,2,30.0,40.0,0.2,14.0,73.0,0.5625,30.0,10.3239852398524,1800.0,58.8,41.2,2.4375238095238094,1.0026717557251907,30.0,40.0,100.0,1,1,0
479,0,1,1,yes,2,0,7.0,2,50.0,62.0,0.267,11.2,80.0,0.7243334970530452,50.0,10.3239852398524,1570.0,58.8,41.2,3.0,1.0,38.0,40.0,103.23,1,0,1
480,0,1,1,yes,2,0,7.0,2,45.0,63.0,0.267,15.0,80.0,0.75,50.0,10.3239852398524,1470.0,58.8,41.2,3.0,1.0,34.0,40.0,100.0,1,0,0
481,0,1,1,no,2,0,7.0,2,37.5,65.0,0.2,16.0,80.0,0.625,50.0,6.6,1640.0,54.9,38.5,3.0,1.0,32.0,40.0,103.13,1,1,0
482,1,1,0,yes,1,4,7.0,2,40.0,39.0,0.2,15.0,83.0,0.625,30.0,10.3239852398524,2000.0,58.1,41.9,2.5,0.6,35.0,40.0,100.0,1,2,0
483,1,1,0,yes,1,4,7.0,2,40.0,39.0,0.2,15.0,72.0,0.375,30.0,10.3239852398524,2000.0,58.1,41.9,2.5,0.3,35.0,40.0,109.9,1,2,0
484,0,1,1,yes,1,4,2.0,2,40.0,59.0,0.25,15.0,80.0,0.75,40.0,13.3,1750.0,51.0,35.7,2.2,0.7,34.0,40.0,100.0,1,1,0
485,1,1,0,yes,3,2,2.0,2,30.0,50.0,0.233,16.1,79.0,0.625,25.0,10.3239852398524,1400.0,55.63853305785125,38.56764462809917,2.5,1.0,32.29433962264151,40.0,106.0,1,0,0
486,0,1,0,yes,1,4,7.0,2,40.0,40.0,0.3,14.5,72.0,0.625,34.0,10.3239852398524,1620.0,55.63853305785125,38.56764462809917,2.5,1.3,32.29433962264151,40.0,102.0,1,1,0
487,1,1,0,no,1,4,7.0,2,45.0,36.0,0.27585742187499995,14.0,76.0,0.625,20.0,10.3239852398524,1700.0,55.63853305785125,38.56764462809917,2.0,0.9,32.29433962264151,40.0,100.0,1,1,0
488,1,1,0,yes,3,3,9.0,2,40.0,40.0,0.3,15.5,75.0,0.75,25.0,10.3239852398524,1100.0,55.63853305785125,38.56764462809917,2.5,1.0,32.29433962264151,40.0,102.941,1,0,0
489,1,0,0,yes,1,5,9.0,2,35.0,42.0,0.2,15.0,78.0,0.5625,40.0,10.3239852398524,1750.0,55.63853305785125,38.56764462809917,2.3,1.0,32.29433962264151,40.0,103.0,1,1,0
490,1,0,0,yes,3,2,2.0,2,55.0,51.0,0.25,16.4,78.0,0.5,29.0,10.3239852398524,1800.0,55.63853305785125,38.56764462809917,1.5,1.0,32.29433962264151,40.0,100.0,1,1,1
491,1,0,0,yes,1,4,2.0,2,35.0,48.0,0.267,16.0,72.0,0.75,20.0,10.3239852398524,1650.0,55.63853305785125,38.56764462809917,1.5,1.1,32.29433962264151,40.0,83.33,1,1,0
492,1,0,0,yes,3,3,2.0,2,47.5,50.0,0.2,17.0,70.0,0.5,30.0,10.3239852398524,2000.0,55.63853305785125,38.56764462809917,2.2,0.7,32.29433962264151,40.0,103.225,1,2,1
493,1,0,0,yes,1,5,10.0,2,40.0,52.0,0.27585742187499995,13.5,85.0,0.75,30.0,10.3239852398524,1900.0,55.63853305785125,38.56764462809917,2.4375238095238094,1.0026717557251907,32.29433962264151,40.0,94.4,1,2,0
494,1,1,0,yes,1,6,2.0,2,47.5,53.0,0.233,17.0,80.0,0.625,20.0,10.3239852398524,1850.0,55.63853305785125,38.56764462809917,2.0,1.5,32.29433962264151,40.0,105.7,1,2,1
495,1,1,0,yes,3,3,9.0,2,50.0,56.0,0.3,15.0,80.0,0.1875,26.0,10.3239852398524,1950.0,55.63853305785125,38.56764462809917,2.5,1.5,32.29433962264151,40.0,102.85700000000001,1,2,1
496,0,1,1,yes,1,5,2.0,2,55.0,56.0,0.3,21.0,80.0,0.875,35.0,10.3239852398524,1650.0,55.63853305785125,38.56764462809917,2.1,0.6,37.614634146341466,40.0,100.0,1,1,1
497,0,1,1,yes,1,5,2.0,2,55.0,54.0,0.3,17.5,82.0,0.8125,28.0,10.3239852398524,1600.0,55.63853305785125,38.56764462809917,2.5,1.0,37.614634146341466,40.0,102.94,1,0,1
498,1,1,1,yes,1,5,2.0,2,40.0,57.0,0.3,16.0,86.0,0.8125,30.0,10.3239852398524,1700.0,55.63853305785125,38.56764462809917,2.5,1.0,37.614634146341466,40.0,102.94,1,1,0
499,1,0,0,yes,3,3,1.0,2,35.0,56.0,0.267,15.1,81.0,0.75,32.0,10.3239852398524,2000.0,55.63853305785125,38.56764462809917,2.5,1.0,32.29433962264151,40.0,102.94,1,2,0
500,1,1,0,yes,1,4,7.0,2,50.0,66.0,0.3,14.8,80.0,0.625,30.0,10.3239852398524,1840.0,55.63853305785125,38.56764462809917,2.5,1.0,32.29433962264151,40.0,100.0,1,2,1
501,0,1,1,yes,3,2,9.0,2,50.0,67.0,0.3,14.5,86.0,0.75,22.0,10.3239852398524,1300.0,55.63853305785125,38.56764462809917,2.5,2.0,37.614634146341466,40.0,102.77,1,0,1
502,1,0,0,no,2,3,2.0,2,45.0360824742268,62.0,0.333,14.5,84.0,0.7243334970530452,23.0,10.3239852398524,1200.0,55.63853305785125,38.56764462809917,2.5,1.0026717557251907,32.29433962264151,40.0,103.22,1,0,1
503,1,2,1,yes,1,4,2.0,2,45.0360824742268,63.0,0.233,15.5,79.0,0.625,35.0,10.3239852398524,1760.0,55.63853305785125,38.56764462809917,2.4,1.0,37.614634146341466,40.0,106.25,1,1,1
504,1,0,0,yes,2,3,9.0,2,45.0360824742268,67.0,0.3,15.1,80.0,0.75,28.0,10.3239852398524,1780.0,55.63853305785125,38.56764462809917,2.5,1.0,32.29433962264151,40.0,106.25,1,1,1
505,1,2,1,yes,1,4,7.0,2,45.0360824742268,50.0,0.333,15.7,82.0,0.7243334970530452,30.0,10.3239852398524,1850.0,55.63853305785125,38.56764462809917,2.4375238095238094,1.0026717557251907,37.614634146341466,40.0,103.22,1,2,1
506,1,2,1,yes,1,4,7.0,2,45.0360824742268,60.0,0.3,15.0,82.0,0.5,22.0,10.3239852398524,1800.0,55.63853305785125,38.56764462809917,2.5,1.0,37.614634146341466,40.0,96.8,1,1,1
507,1,2,1,yes,1,4,7.0,2,45.0360824742268,60.0,0.267,14.8,80.0,0.625,25.0,10.3239852398524,1850.0,55.63853305785125,38.56764462809917,2.5,1.0,37.614634146341466,40.0,96.9,1,2,1
508,1,2,1,yes,1,4,7.0,2,45.0360824742268,56.0,0.3,14.1,82.0,0.625,40.0,10.3239852398524,1800.0,55.63853305785125,38.56764462809917,2.5,0.9,37.614634146341466,40.0,96.9,1,1,1
509,1,2,1,yes,2,3,2.0,2,45.0360824742268,56.0,0.367,15.1,78.0,0.5,29.0,10.3239852398524,1320.0,55.63853305785125,38.56764462809917,2.5,1.0026717557251907,37.614634146341466,40.0,96.9,1,0,1
510,1,2,1,yes,2,3,2.0,2,45.0360824742268,47.0,0.2,15.0,85.0,0.5,24.0,10.3239852398524,1470.0,55.63853305785125,38.56764462809917,1.8,1.7,37.614634146341466,40.0,96.9,1,0,1
511,1,2,1,yes,1,4,7.0,2,45.0360824742268,55.0,0.367,15.5,76.0,0.75,30.0,10.3239852398524,1750.0,55.63853305785125,38.56764462809917,2.5,1.2,37.614634146341466,40.0,96.9,1,1,1
512,1,2,2,yes,2,3,2.0,2,45.0360824742268,53.0,0.3,14.2,72.0,1.0,28.0,10.3239852398524,1600.0,55.63853305785125,38.56764462809917,2.7,1.5,39.8,40.0,106.1,1,0,1
513,1,2,2,yes,2,3,2.0,2,45.0360824742268,39.0,0.3,15.1,71.0,0.625,30.0,10.3239852398524,1700.0,55.63853305785125,38.56764462809917,2.5,1.5,39.8,40.0,106.1,1,1,1
514,1,0,0,yes,2,3,2.0,2,45.0360824742268,46.0,0.3,17.0,80.0,0.25,25.0,10.3239852398524,1700.0,55.63853305785125,38.56764462809917,2.5,1.5,32.29433962264151,30.0,117.7,1,1,1
515,1,2,1,yes,2,2,2.0,2,45.0360824742268,35.0,0.3,16.2,88.0,0.5,28.0,10.3239852398524,1750.0,55.63853305785125,38.56764462809917,2.3,1.0,37.614634146341466,40.0,106.0,1,1,1
516,1,0,0,yes,3,0,7.0,2,45.0360824742268,40.0,0.333,14.5,70.0,0.75,60.0,10.3239852398524,1250.0,55.63853305785125,38.56764462809917,2.0,1.5,32.29433962264151,40.0,112.5,1,0,1
517,1,0,0,yes,3,0,7.0,2,45.0360824742268,39.0,0.3,16.0,72.0,0.75,50.0,10.3239852398524,1350.0,55.63853305785125,38.56764462809917,2.5,2.2,32.29433962264151,40.0,106.6,1,0,1
518,1,2,2,yes,2,2,2.0,2,45.0360824742268,40.0,0.3,16.5,84.0,0.625,26.0,10.3239852398524,1565.0,55.63853305785125,38.56764462809917,2.5,1.0,39.8,40.0,106.6,1,0,1
519,1,2,1,yes,1,4,7.0,2,45.0360824742268,44.0,0.2,16.22,74.0,0.75,30.0,10.3239852398524,2200.0,55.63853305785125,38.56764462809917,2.8,0.8,37.614634146341466,40.0,106.6,1,3,1
520,1,1,1,yes,2,3,2.0,2,45.0360824742268,47.0,0.233,16.5,86.0,0.25,30.907563025210084,10.3239852398524,1750.0,55.63853305785125,38.56764462809917,2.1,2.1,37.614634146341466,40.0,109.6,1,1,1
523,1,0,0,yes,2,3,2.0,2,45.0360824742268,52.0,0.2,16.0,75.0,0.3125,25.0,10.3239852398524,1500.0,55.63853305785125,38.56764462809917,2.5,0.6,32.29433962264151,40.0,109.1,1,0,1
524,1,1,1,yes,2,3,2.0,2,45.0360824742268,50.949438202247194,0.3,15.0,80.0,0.5,30.0,10.3239852398524,2020.0,55.63853305785125,38.56764462809917,2.9,0.5,37.614634146341466,40.0,110.3,1,3,1
525,1,2,1,yes,1,6,2.0,2,45.0360824742268,54.0,0.3,16.5,88.0,0.75,25.0,10.3239852398524,1850.0,55.63853305785125,38.56764462809917,3.0,2.0,37.614634146341466,40.0,107.14,1,2,1
526,1,0,0,yes,2,2,2.0,2,45.0360824742268,56.0,0.3,14.0,91.0,1.125,27.0,10.3239852398524,1650.0,55.63853305785125,38.56764462809917,3.0,1.5,32.29433962264151,40.0,100.0,1,1,1
527,1,0,0,yes,2,2,2.0,2,45.0360824742268,50.0,0.2,16.5,74.0,0.625,34.0,10.3239852398524,1750.0,55.63853305785125,38.56764462809917,2.6,1.0,32.29433962264151,40.0,103.125,1,1,1
528,1,0,0,yes,2,3,9.0,2,45.0360824742268,56.0,0.2,17.0,75.0,0.75,25.0,10.3239852398524,1600.0,55.63853305785125,38.56764462809917,2.0,1.0,32.29433962264151,40.0,103.125,1,0,1
529,1,0,0,yes,2,2,9.0,2,45.0360824742268,55.0,0.2,17.0,95.0,0.625,27.0,10.3239852398524,1600.0,55.63853305785125,38.56764462809917,2.5,1.0,32.29433962264151,40.0,106.25,1,0,1
530,1,2,1,yes,1,4,7.0,2,45.0360824742268,54.0,0.267,15.5,80.0,0.75,40.0,10.3239852398524,2000.0,55.63853305785125,38.56764462809917,1.8,1.3,37.614634146341466,40.0,107.14,1,2,1
531,1,2,1,yes,1,5,2.0,2,45.0360824742268,54.0,0.27585742187499995,15.5,78.0,0.8125,30.0,10.3239852398524,2100.0,55.63853305785125,38.56764462809917,1.2,1.0,37.614634146341466,40.0,97.05,1,3,1
532,1,2,0,yes,1,7,2.0,2,45.0360824742268,53.0,0.27585742187499995,17.0,73.0,0.75,35.0,10.3239852398524,2100.0,55.63853305785125,38.56764462809917,2.6,1.3,32.29433962264151,40.0,113.3,1,3,1
533,1,1,1,no,1,7,2.0,2,45.0360824742268,50.949438202247194,0.27585742187499995,16.0,83.0,0.7243334970530452,28.0,10.3239852398524,2400.0,55.63853305785125,38.56764462809917,2.5,1.0,37.614634146341466,40.0,112.5,1,3,1
534,1,1,1,yes,1,7,9.0,2,45.0360824742268,60.0,0.27585742187499995,14.9,76.0,1.0,30.0,10.3239852398524,2500.0,55.63853305785125,38.56764462809917,0.5,0.5,37.614634146341466,40.0,112.5,1,3,1
535,1,2,1,yes,1,6,2.0,2,45.0360824742268,56.0,0.3,18.3,80.0,1.0,32.0,10.3239852398524,1900.0,55.63853305785125,38.56764462809917,2.4375238095238094,1.0026717557251907,37.614634146341466,40.0,110.0,1,2,1
536,1,2,1,yes,1,6,9.0,2,45.0360824742268,52.0,0.27585742187499995,18.0,82.0,1.0,25.0,10.3239852398524,1880.0,55.63853305785125,38.56764462809917,1.0,1.0,37.614634146341466,40.0,112.5,1,2,1
537,1,2,0,yes,2,2,1.0,2,45.0360824742268,50.949438202247194,0.2,16.1,76.0,0.5,34.0,10.3239852398524,2100.0,55.63853305785125,38.56764462809917,2.4375238095238094,1.0026717557251907,32.29433962264151,40.0,110.0,1,3,1
538,1,2,0,yes,1,6,2.0,2,45.0360824742268,50.949438202247194,0.3,16.5,70.0,1.0,34.0,10.3239852398524,1903.0,55.63853305785125,38.56764462809917,2.7,2.8,32.29433962264151,40.0,108.0,1,2,1
539,1,2,1,yes,1,7,2.0,2,45.0360824742268,46.0,0.267,16.4,76.0,1.0,34.0,10.3239852398524,1903.0,55.63853305785125,38.56764462809917,1.5,2.3,37.614634146341466,40.0,108.0,1,2,1
540,1,2,1,yes,2,2,1.0,2,45.0360824742268,46.0,0.2,14.2,75.0,0.75,25.0,10.3239852398524,2050.0,55.63853305785125,38.56764462809917,2.5,1.0,37.614634146341466,40.0,108.1,1,3,1
